DEPARTAMENTO,MUNICIPIO,CODIGO MUNICIPIO,BUCERRAS < 1 AÑO,BUCERROS < 1 AÑO,HEMBRAS 1 - 2 AÑOS,MACHOS 1 - 2 AÑOS,HEMBRAS 2 - 3 AÑOS,MACHOS 2 - 3 AÑOS,HEMBRAS > 3 AÑOS,MACHOS > 3 AÑOS,TOTAL BUFALOS - 2022, No DE FINCAS 1 A 50, No DE FINCAS 51 A 100, No DE FINCAS 101 A 500, No DE FINCAS 501 O MAS,TOTAL FINCAS CON BUFALOS - 2022
ANTIOQUIA,MEDELLIN,5001,0,0,0,0,0,0,4,1,5,3,0,0,0,3
ANTIOQUIA,ABEJORRAL,5002,0,0,0,0,0,0,0,0,0,0,0,0,0,0
ANTIOQUIA,ABRIAQUI,5004,0,0,0,0,0,0,0,0,0,0,0,0,0,0
ANTIOQUIA,ALEJANDRIA,5021,0,0,0,0,0,0,0,0,0,0,0,0,0,0
ANTIOQUIA,AMAGA,5030,0,0,0,0,0,0,0,0,0,0,0,0,0,0
ANTIOQUIA,AMALFI,5031,10,44,3,0,10,11,9,1,88,1,1,0,0,2
ANTIOQUIA,ANDES,5034,12,17,5,25,20,0,28,1,108,1,1,0,0,2
ANTIOQUIA,ANGELOPOLIS,5036,0,0,0,0,0,0,0,0,0,0,0,0,0,0
ANTIOQUIA,ANGOSTURA,5038,0,0,0,0,0,0,0,0,0,0,0,0,0,0
ANTIOQUIA,ANORI,5040,0,5,0,1,5,0,5,2,18,2,0,0,0,2
ANTIOQUIA,SANTA FE DE ANTIOQUIA,5042,0,0,0,0,0,0,0,0,0,0,0,0,0,0
ANTIOQUIA,ANZA,5044,0,0,0,0,0,0,0,0,0,0,0,0,0,0
ANTIOQUIA,APARTADO,5045,32,13,32,34,16,16,78,2,223,2,0,2,0,4
ANTIOQUIA,ARBOLETES,5051,10,16,12,22,11,73,50,11,205,4,0,1,0,5
ANTIOQUIA,ARGELIA,5055,0,0,0,0,0,0,0,0,0,0,0,0,0,0
ANTIOQUIA,ARMENIA,5059,0,0,2,2,0,1,1,0,6,1,0,0,0,1
ANTIOQUIA,BARBOSA,5079,97,100,2,8,12,0,0,0,219,0,0,1,0,1
ANTIOQUIA,BELMIRA,5086,2,1,0,1,2,0,1,0,7,1,0,0,0,1
ANTIOQUIA,BELLO,5088,0,0,0,0,0,0,0,0,0,0,0,0,0,0
ANTIOQUIA,BETANIA,5091,1,0,0,2,1,4,1,0,9,1,0,0,0,1
ANTIOQUIA,BETULIA,5093,0,0,0,0,0,0,0,0,0,0,0,0,0,0
ANTIOQUIA,CIUDAD BOLIVAR,5101,0,0,0,0,0,0,0,0,0,0,0,0,0,0
ANTIOQUIA,BRICEÑO,5107,1,1,0,0,0,2,0,1,5,2,0,0,0,2
ANTIOQUIA,BURITICA,5113,2,1,0,0,0,0,3,0,6,1,0,0,0,1
ANTIOQUIA,CACERES,5120,586,632,481,146,635,323,1489,49,4341,4,5,9,2,20
ANTIOQUIA,CAICEDO,5125,0,0,0,0,0,0,0,0,0,0,0,0,0,0
ANTIOQUIA,CALDAS,5129,0,0,0,0,1,0,0,0,1,1,0,0,0,1
ANTIOQUIA,CAMPAMENTO,5134,0,0,0,0,0,1,0,0,1,1,0,0,0,1
ANTIOQUIA,CAÑASGORDAS,5138,0,0,0,0,1,2,0,1,4,1,0,0,0,1
ANTIOQUIA,CARACOLI,5142,47,52,52,20,13,0,171,2,357,0,0,1,0,1
ANTIOQUIA,CARAMANTA,5145,0,0,0,0,0,15,0,0,15,1,0,0,0,1
ANTIOQUIA,CAREPA,5147,47,174,79,134,61,91,362,19,967,5,1,4,0,10
ANTIOQUIA,EL CARMEN DE VIBORAL,5148,0,0,0,0,0,0,0,2,2,1,0,0,0,1
ANTIOQUIA,CAROLINA,5150,0,0,0,0,0,0,0,0,0,0,0,0,0,0
ANTIOQUIA,CAUCASIA,5154,805,628,1768,849,952,893,2068,263,8226,16,5,18,5,44
ANTIOQUIA,CHIGORODO,5172,838,925,540,365,359,267,2353,92,5739,11,6,2,4,23
ANTIOQUIA,CISNEROS,5190,0,0,0,0,0,0,0,0,0,0,0,0,0,0
ANTIOQUIA,COCORNA,5197,0,0,14,11,0,0,0,0,25,2,0,0,0,2
ANTIOQUIA,CONCEPCION,5206,0,0,0,0,0,2,0,0,2,1,0,0,0,1
ANTIOQUIA,CONCORDIA,5209,0,0,0,0,0,0,0,0,0,0,0,0,0,0
ANTIOQUIA,COPACABANA,5212,0,0,23,1,7,0,0,1,32,3,0,0,0,3
ANTIOQUIA,DABEIBA,5234,1,1,16,3,3,3,10,1,38,7,0,0,0,7
ANTIOQUIA,DONMATIAS,5237,0,0,0,0,0,0,0,0,0,0,0,0,0,0
ANTIOQUIA,EBEJICO,5240,0,0,0,0,0,0,0,0,0,0,0,0,0,0
ANTIOQUIA,EL BAGRE,5250,113,72,62,36,63,0,223,10,579,4,3,2,0,9
ANTIOQUIA,ENTRERRIOS,5264,4,15,8,0,4,18,0,0,49,2,0,0,0,2
ANTIOQUIA,ENVIGADO,5266,0,0,1,0,0,0,0,0,1,1,0,0,0,1
ANTIOQUIA,FREDONIA,5282,0,0,0,0,0,0,0,0,0,0,0,0,0,0
ANTIOQUIA,FRONTINO,5284,15,11,15,24,15,3,54,4,141,7,0,0,0,7
ANTIOQUIA,GIRALDO,5306,0,0,0,0,0,0,0,0,0,0,0,0,0,0
ANTIOQUIA,GIRARDOTA,5308,0,0,0,0,0,6,0,0,6,1,0,0,0,1
ANTIOQUIA,GOMEZ PLATA,5310,12,16,28,35,10,21,91,7,220,2,1,1,0,4
ANTIOQUIA,GRANADA,5313,5,3,0,3,28,25,19,8,91,2,1,0,0,3
ANTIOQUIA,GUADALUPE,5315,0,0,0,0,0,0,0,0,0,0,0,0,0,0
ANTIOQUIA,GUARNE,5318,0,0,1,58,0,12,2,0,73,1,1,0,0,2
ANTIOQUIA,GUATAPE,5321,0,0,0,0,0,0,0,0,0,0,0,0,0,0
ANTIOQUIA,HELICONIA,5347,0,0,0,0,0,0,0,0,0,0,0,0,0,0
ANTIOQUIA,HISPANIA,5353,0,0,0,0,0,0,0,0,0,0,0,0,0,0
ANTIOQUIA,ITAGÜI,5360,0,4,0,0,5,0,0,0,9,1,0,0,0,1
ANTIOQUIA,ITUANGO,5361,2,1,0,0,0,3,5,0,11,2,0,0,0,2
ANTIOQUIA,JARDIN,5364,0,0,0,0,0,0,0,0,0,0,0,0,0,0
ANTIOQUIA,JERICO,5368,0,0,0,23,0,0,0,0,23,1,0,0,0,1
ANTIOQUIA,LA CEJA,5376,0,0,0,0,1,0,1,0,2,1,0,0,0,1
ANTIOQUIA,LA ESTRELLA,5380,0,0,0,0,0,0,0,0,0,0,0,0,0,0
ANTIOQUIA,LA PINTADA,5390,0,0,0,0,3,0,0,0,3,1,0,0,0,1
ANTIOQUIA,LA UNION,5400,11,0,4,0,4,1,28,3,51,2,0,0,0,2
ANTIOQUIA,LIBORINA,5411,0,0,0,0,0,0,0,0,0,0,0,0,0,0
ANTIOQUIA,MACEO,5425,0,0,34,28,58,50,0,4,174,1,0,1,0,2
ANTIOQUIA,MARINILLA,5440,1,0,5,4,4,5,0,0,19,2,0,0,0,2
ANTIOQUIA,MONTEBELLO,5467,0,0,0,0,0,0,0,0,0,0,0,0,0,0
ANTIOQUIA,MURINDO,5475,0,0,0,0,0,0,0,0,0,0,0,0,0,0
ANTIOQUIA,MUTATA,5480,178,130,169,23,289,81,599,55,1524,4,3,4,0,11
ANTIOQUIA,NARIÑO,5483,0,0,0,0,0,1,1,0,2,1,0,0,0,1
ANTIOQUIA,NECOCLI,5490,143,102,291,114,310,68,385,11,1424,3,1,7,0,11
ANTIOQUIA,NECHI,5495,385,276,254,293,222,127,698,26,2281,4,1,4,1,10
ANTIOQUIA,OLAYA,5501,0,0,0,0,0,0,0,0,0,0,0,0,0,0
ANTIOQUIA,PEÑOL,5541,0,0,7,2,0,1,0,0,10,2,0,0,0,2
ANTIOQUIA,PEQUE,5543,0,0,0,0,0,0,0,0,0,0,0,0,0,0
ANTIOQUIA,PUEBLORRICO,5576,0,0,0,0,0,0,0,0,0,0,0,0,0,0
ANTIOQUIA,PUERTO BERRIO,5579,234,258,309,211,279,271,895,76,2533,7,1,6,2,16
ANTIOQUIA,PUERTO NARE,5585,274,318,93,346,247,196,633,52,2159,4,1,4,1,10
ANTIOQUIA,PUERTO TRIUNFO,5591,23,30,35,12,34,86,32,1,253,8,0,1,0,9
ANTIOQUIA,REMEDIOS,5604,67,70,75,52,91,19,173,19,566,10,3,2,0,15
ANTIOQUIA,RETIRO,5607,0,0,0,0,0,0,0,0,0,0,0,0,0,0
ANTIOQUIA,RIONEGRO,5615,5,18,0,0,0,70,17,0,110,1,0,1,0,2
ANTIOQUIA,SABANALARGA,5628,0,0,0,0,0,0,0,0,0,0,0,0,0,0
ANTIOQUIA,SABANETA,5631,0,0,0,0,0,0,0,0,0,0,0,0,0,0
ANTIOQUIA,SALGAR,5642,0,0,0,5,0,0,0,0,5,1,0,0,0,1
ANTIOQUIA,SAN ANDRES DE CUERQUIA,5647,0,0,0,0,0,0,0,0,0,0,0,0,0,0
ANTIOQUIA,SAN CARLOS,5649,3,4,1,1,1,0,2,1,13,3,0,0,0,3
ANTIOQUIA,SAN FRANCISCO,5652,0,0,0,0,0,0,0,0,0,0,0,0,0,0
ANTIOQUIA,SAN JERONIMO,5656,0,0,0,0,0,10,9,0,19,1,0,0,0,1
ANTIOQUIA,SAN JOSE DE LA MONTAÑA,5658,0,0,0,0,0,0,0,0,0,0,0,0,0,0
ANTIOQUIA,SAN JUAN DE URABA,5659,1,0,0,0,0,0,4,1,6,1,0,0,0,1
ANTIOQUIA,SAN LUIS,5660,0,0,1,1,0,0,0,2,4,2,0,0,0,2
ANTIOQUIA,SAN PEDRO DE LOS MILAGROS,5664,8,0,3,0,2,0,39,0,52,0,1,0,0,1
ANTIOQUIA,SAN PEDRO DE URABA,5665,0,0,0,0,0,0,0,0,0,0,0,0,0,0
ANTIOQUIA,SAN RAFAEL,5667,0,0,1,0,0,1,0,1,3,1,0,0,0,1
ANTIOQUIA,SAN ROQUE,5670,17,4,14,0,66,7,38,2,148,0,0,1,0,1
ANTIOQUIA,SAN VICENTE FERRER,5674,0,0,3,3,0,0,0,0,6,1,0,0,0,1
ANTIOQUIA,SANTA BARBARA,5679,0,0,0,0,0,0,0,0,0,0,0,0,0,0
ANTIOQUIA,SANTA ROSA DE OSOS,5686,18,1,70,53,12,0,53,1,208,2,0,1,0,3
ANTIOQUIA,SANTO DOMINGO,5690,0,1,1,0,0,0,3,3,8,2,0,0,0,2
ANTIOQUIA,EL SANTUARIO,5697,6,3,0,1,8,3,4,2,27,5,0,0,0,5
ANTIOQUIA,SEGOVIA,5736,6,2,7,7,21,8,21,10,82,8,0,0,0,8
ANTIOQUIA,SONSON,5756,5,8,1,12,2,1,19,9,57,6,0,0,0,6
ANTIOQUIA,SOPETRAN,5761,0,0,0,0,3,39,0,0,42,1,0,0,0,1
ANTIOQUIA,TAMESIS,5789,0,0,0,0,0,0,0,0,0,0,0,0,0,0
ANTIOQUIA,TARAZA,5790,184,55,231,64,446,364,158,48,1550,5,1,3,1,10
ANTIOQUIA,TARSO,5792,0,4,0,0,14,0,11,0,29,1,0,0,0,1
ANTIOQUIA,TITIRIBI,5809,4,0,7,1,4,1,5,1,23,1,0,0,0,1
ANTIOQUIA,TOLEDO,5819,0,0,0,0,0,0,0,0,0,0,0,0,0,0
ANTIOQUIA,TURBO,5837,1309,1210,1475,1632,882,895,4236,298,11937,11,5,13,8,37
ANTIOQUIA,URAMITA,5842,0,2,0,0,0,1,4,1,8,1,0,0,0,1
ANTIOQUIA,URRAO,5847,0,4,0,0,8,29,30,0,71,2,0,0,0,2
ANTIOQUIA,VALDIVIA,5854,0,0,0,1,0,0,1,1,3,1,0,0,0,1
ANTIOQUIA,VALPARAISO,5856,1,0,0,0,85,25,0,37,148,1,0,1,0,2
ANTIOQUIA,VEGACHI,5858,2,8,6,21,41,6,64,11,159,5,2,0,0,7
ANTIOQUIA,VENECIA,5861,1,17,1,0,0,0,0,0,19,1,0,0,0,1
ANTIOQUIA,VIGIA DEL FUERTE,5873,0,0,0,0,0,0,0,0,0,0,0,0,0,0
ANTIOQUIA,YALI,5885,6,2,13,9,5,0,14,2,51,3,0,0,0,3
ANTIOQUIA,YARUMAL,5887,48,22,75,15,24,1,38,1,224,4,0,1,0,5
ANTIOQUIA,YOLOMBO,5890,1,0,0,16,15,14,24,1,71,7,0,0,0,7
ANTIOQUIA,YONDO,5893,1001,1105,1192,1598,1720,916,2751,195,10478,58,12,22,5,97
ANTIOQUIA,ZARAGOZA,5895,223,163,70,82,361,19,550,23,1491,0,3,3,1,7
ATLANTICO,BARRANQUILLA,8001,0,0,0,0,0,4,11,0,15,1,0,0,0,1
ATLANTICO,BARANOA,8078,0,4,0,5,28,4,70,1,112,1,0,1,0,2
ATLANTICO,CAMPO DE LA CRUZ,8137,2,1,0,0,0,36,15,5,59,3,0,0,0,3
ATLANTICO,CANDELARIA,8141,0,0,3,20,9,0,11,2,45,2,0,0,0,2
ATLANTICO,GALAPA,8296,0,1,0,0,0,0,0,2,3,2,0,0,0,2
ATLANTICO,JUAN DE ACOSTA,8372,112,12,66,0,0,0,25,3,218,3,0,1,0,4
ATLANTICO,LURUACO,8421,25,21,34,114,41,109,43,12,399,0,1,2,0,3
ATLANTICO,MALAMBO,8433,1,9,20,16,1,28,26,1,102,6,0,0,0,6
ATLANTICO,MANATI,8436,6,0,14,3,21,2,10,1,57,4,0,0,0,4
ATLANTICO,PALMAR DE VARELA,8520,19,12,34,12,0,0,52,0,129,0,0,1,0,1
ATLANTICO,PIOJO,8549,0,0,0,0,0,1,0,1,2,1,0,0,0,1
ATLANTICO,POLONUEVO,8558,3,3,9,2,9,5,2,2,35,2,0,0,0,2
ATLANTICO,PONEDERA,8560,96,120,31,44,101,29,199,8,628,5,2,2,0,9
ATLANTICO,PUERTO COLOMBIA,8573,0,0,0,0,0,0,0,0,0,0,0,0,0,0
ATLANTICO,REPELON,8606,3,5,10,11,44,0,91,6,170,3,0,1,0,4
ATLANTICO,SABANAGRANDE,8634,0,0,1,1,63,146,0,0,211,2,0,1,0,3
ATLANTICO,SABANALARGA,8638,59,63,68,32,46,2,132,11,413,5,2,1,0,8
ATLANTICO,SANTA LUCIA,8675,0,0,0,0,0,0,0,0,0,0,0,0,0,0
ATLANTICO,SANTO TOMAS,8685,1,1,0,0,0,0,1,0,3,1,0,0,0,1
ATLANTICO,SOLEDAD,8758,3,3,2,9,6,0,6,1,30,3,0,0,0,3
ATLANTICO,SUAN,8770,0,0,0,0,0,3,3,0,6,1,0,0,0,1
ATLANTICO,TUBARA,8832,0,0,2,0,2,0,0,0,4,1,0,0,0,1
ATLANTICO,USIACURI,8849,0,0,0,0,0,0,0,0,0,0,0,0,0,0
BOGOTA D.C.,BOGOTA D.C.,11001,0,1,2,2,1,1,3,2,12,6,0,0,0,6
BOLIVAR,CARTAGENA DE INDIAS,13001,4,6,0,0,55,0,32,35,132,1,1,0,0,2
BOLIVAR,ACHI,13006,86,88,159,105,46,13,316,20,833,10,2,1,0,13
BOLIVAR,ALTOS DEL ROSARIO,13030,6,1,0,3,0,0,12,1,23,2,0,0,0,2
BOLIVAR,ARENAL,13042,8,11,21,22,11,0,43,2,118,3,1,0,0,4
BOLIVAR,ARJONA,13052,140,173,258,118,306,105,913,88,2101,7,1,6,1,15
BOLIVAR,ARROYOHONDO,13062,0,0,14,35,5,0,14,1,69,2,0,0,0,2
BOLIVAR,BARRANCO DE LOBA,13074,23,30,17,28,12,20,59,5,194,1,0,1,0,2
BOLIVAR,CALAMAR,13140,10,9,15,13,16,11,45,2,121,1,1,0,0,2
BOLIVAR,CANTAGALLO,13160,323,390,239,212,303,122,971,124,2684,46,11,5,0,62
BOLIVAR,CICUCO,13188,63,62,92,3,100,0,187,4,511,1,1,2,0,4
BOLIVAR,CORDOBA,13212,406,484,295,359,322,408,1002,67,3343,1,0,3,2,6
BOLIVAR,CLEMENCIA,13222,1,1,43,12,0,0,9,1,67,3,0,0,0,3
BOLIVAR,EL CARMEN DE BOLIVAR,13244,113,93,138,94,50,27,458,20,993,5,2,5,0,12
BOLIVAR,EL GUAMO,13248,1,3,0,0,4,8,0,1,17,2,0,0,0,2
BOLIVAR,EL PEÑON,13268,102,98,16,20,103,19,315,10,683,2,1,2,0,5
BOLIVAR,HATILLO DE LOBA,13300,53,75,28,0,85,75,79,176,571,1,1,1,0,3
BOLIVAR,MAGANGUE,13430,217,314,254,225,321,187,1048,52,2618,20,7,10,0,37
BOLIVAR,MAHATES,13433,30,38,0,0,14,0,81,4,167,2,0,1,0,3
BOLIVAR,MARGARITA,13440,557,583,337,649,567,270,1762,77,4802,10,1,5,4,20
BOLIVAR,MARIA LA BAJA,13442,31,37,65,157,26,27,131,54,528,12,1,2,0,15
BOLIVAR,MONTECRISTO,13458,78,85,128,21,99,16,115,8,550,1,0,2,0,3
BOLIVAR,MOMPOS,13468,791,661,449,260,334,172,1801,72,4540,8,1,7,4,20
BOLIVAR,MORALES,13473,304,209,328,176,393,66,650,32,2158,6,5,8,0,19
BOLIVAR,NOROSI,13490,2,0,1,2,0,0,4,7,16,1,0,0,0,1
BOLIVAR,PINILLOS,13549,172,111,344,247,450,329,576,153,2382,6,2,5,1,14
BOLIVAR,REGIDOR,13580,282,266,350,567,98,187,1120,191,3061,6,4,2,3,15
BOLIVAR,RIO VIEJO,13600,206,124,110,83,370,81,974,149,2097,6,2,2,2,12
BOLIVAR,SAN CRISTOBAL,13620,13,12,0,0,20,0,60,4,109,0,0,1,0,1
BOLIVAR,SAN ESTANISLAO,13647,2,28,0,7,6,10,29,72,154,0,0,1,0,1
BOLIVAR,SAN FERNANDO,13650,337,371,392,926,277,238,1280,47,3868,4,9,9,2,24
BOLIVAR,SAN JACINTO,13654,111,119,54,68,101,21,379,14,867,0,0,1,1,2
BOLIVAR,SAN JACINTO DEL CAUCA,13655,68,20,216,140,119,0,416,1,980,0,0,1,1,2
BOLIVAR,SAN JUAN NEPOMUCENO,13657,62,77,151,71,168,2,261,13,805,2,1,3,0,6
BOLIVAR,SAN MARTIN DE LOBA,13667,0,0,0,0,0,0,0,0,0,0,0,0,0,0
BOLIVAR,SAN PABLO,13670,239,274,171,147,247,107,803,61,2049,35,16,1,0,52
BOLIVAR,SANTA CATALINA,13673,9,9,0,11,6,3,13,5,56,3,0,0,0,3
BOLIVAR,SANTA ROSA,13683,0,0,30,47,5,0,30,60,172,3,1,0,0,4
BOLIVAR,SANTA ROSA DEL SUR,13688,13,8,17,16,9,25,54,5,147,9,0,0,0,9
BOLIVAR,SIMITI,13744,223,227,231,187,268,165,678,53,2032,21,8,6,0,35
BOLIVAR,SOPLAVIENTO,13760,6,7,11,0,0,16,0,0,40,1,0,0,0,1
BOLIVAR,TALAIGUA NUEVO,13780,53,71,29,24,54,10,140,4,385,0,2,1,0,3
BOLIVAR,TIQUISIO,13810,48,65,25,51,86,0,180,14,469,1,0,2,0,3
BOLIVAR,TURBACO,13836,8,9,14,11,7,0,46,2,97,1,1,0,0,2
BOLIVAR,TURBANA,13838,20,22,40,12,60,10,80,6,250,0,0,1,0,1
BOLIVAR,VILLANUEVA,13873,6,5,20,118,0,80,90,4,323,0,0,2,0,2
BOLIVAR,ZAMBRANO,13894,20,31,34,15,17,0,63,8,188,2,2,0,0,4
BOYACA,TUNJA,15001,0,0,0,0,6,0,0,0,6,1,0,0,0,1
BOYACA,ALMEIDA,15022,0,0,0,0,0,0,0,0,0,0,0,0,0,0
BOYACA,AQUITANIA,15047,0,0,0,2,0,0,0,0,2,1,0,0,0,1
BOYACA,ARCABUCO,15051,1,0,2,0,4,4,3,0,14,3,0,0,0,3
BOYACA,BELEN,15087,0,0,0,0,0,0,0,0,0,0,0,0,0,0
BOYACA,BERBEO,15090,0,0,0,0,0,0,0,0,0,0,0,0,0,0
BOYACA,BETEITIVA,15092,0,1,1,2,1,0,3,0,8,1,0,0,0,1
BOYACA,BOAVITA,15097,2,3,3,0,0,0,7,0,15,3,0,0,0,3
BOYACA,BOYACA,15104,0,0,0,0,0,0,0,0,0,0,0,0,0,0
BOYACA,BRICEÑO,15106,0,0,0,0,2,0,0,0,2,1,0,0,0,1
BOYACA,BUENAVISTA,15109,0,0,0,5,0,0,0,0,5,1,0,0,0,1
BOYACA,BUSBANZA,15114,0,0,0,0,0,0,0,0,0,0,0,0,0,0
BOYACA,CALDAS,15131,0,0,1,0,0,0,0,0,1,1,0,0,0,1
BOYACA,CAMPOHERMOSO,15135,0,0,0,0,9,1,0,0,10,2,0,0,0,2
BOYACA,CERINZA,15162,0,0,0,0,0,0,0,0,0,0,0,0,0,0
BOYACA,CHINAVITA,15172,2,5,1,2,3,4,4,0,21,3,0,0,0,3
BOYACA,CHIQUINQUIRA,15176,4,5,1,1,17,1,0,0,29,4,0,0,0,4
BOYACA,CHISCAS,15180,0,0,0,0,0,0,0,0,0,0,0,0,0,0
BOYACA,CHITA,15183,0,0,0,0,0,3,0,0,3,2,0,0,0,2
BOYACA,CHITARAQUE,15185,0,0,0,0,3,3,0,0,6,1,0,0,0,1
BOYACA,CHIVATA,15187,0,0,0,0,2,0,1,0,3,1,0,0,0,1
BOYACA,CIENEGA,15189,0,4,0,1,0,0,5,0,10,1,0,0,0,1
BOYACA,COMBITA,15204,0,0,1,0,0,1,1,0,3,1,0,0,0,1
BOYACA,COPER,15212,0,0,0,3,5,2,7,1,18,3,0,0,0,3
BOYACA,CORRALES,15215,0,0,0,0,0,0,0,0,0,0,0,0,0,0
BOYACA,COVARACHIA,15218,0,0,0,0,0,0,0,0,0,0,0,0,0,0
BOYACA,CUBARA,15223,4,3,0,0,0,1,8,1,17,2,0,0,0,2
BOYACA,CUCAITA,15224,1,0,0,1,0,0,0,0,2,2,0,0,0,2
BOYACA,CUITIVA,15226,0,0,0,0,0,0,0,0,0,0,0,0,0,0
BOYACA,CHIQUIZA,15232,0,0,0,0,0,1,1,0,2,1,0,0,0,1
BOYACA,CHIVOR,15236,0,0,0,0,0,0,0,0,0,0,0,0,0,0
BOYACA,DUITAMA,15238,1,1,4,0,2,2,19,2,31,4,0,0,0,4
BOYACA,EL COCUY,15244,0,0,0,0,0,0,0,0,0,0,0,0,0,0
BOYACA,EL ESPINO,15248,0,0,0,5,5,0,7,0,17,1,0,0,0,1
BOYACA,FIRAVITOBA,15272,0,0,2,0,3,0,0,0,5,1,0,0,0,1
BOYACA,FLORESTA,15276,0,0,0,0,0,0,0,0,0,0,0,0,0,0
BOYACA,GACHANTIVA,15293,0,0,0,0,0,0,0,0,0,0,0,0,0,0
BOYACA,GAMEZA,15296,0,0,0,0,0,0,0,0,0,0,0,0,0,0
BOYACA,GARAGOA,15299,1,0,0,10,0,2,2,1,16,2,0,0,0,2
BOYACA,GUACAMAYAS,15317,2,0,1,2,0,1,4,1,11,1,0,0,0,1
BOYACA,GUATEQUE,15322,0,0,1,0,1,1,0,0,3,1,0,0,0,1
BOYACA,GUAYATA,15325,0,0,0,0,0,0,0,0,0,0,0,0,0,0
BOYACA,GÜICAN DE LA SIERRA,15332,0,0,0,0,0,0,0,0,0,0,0,0,0,0
BOYACA,IZA,15362,0,0,0,0,0,0,0,0,0,0,0,0,0,0
BOYACA,JENESANO,15367,0,0,0,2,0,0,0,0,2,1,0,0,0,1
BOYACA,JERICO,15368,0,0,0,0,0,1,0,0,1,1,0,0,0,1
BOYACA,LABRANZAGRANDE,15377,0,0,0,0,0,0,0,0,0,0,0,0,0,0
BOYACA,LA CAPILLA,15380,0,0,0,0,0,0,0,0,0,0,0,0,0,0
BOYACA,LA VICTORIA,15401,0,0,0,0,0,0,0,0,0,0,0,0,0,0
BOYACA,LA UVITA,15403,0,0,0,0,0,0,0,0,0,0,0,0,0,0
BOYACA,VILLA DE LEYVA,15407,2,3,2,7,1,2,31,21,69,6,1,0,0,7
BOYACA,MACANAL,15425,2,0,4,3,2,2,8,0,21,3,0,0,0,3
BOYACA,MARIPI,15442,0,0,0,0,0,0,0,0,0,0,0,0,0,0
BOYACA,MIRAFLORES,15455,3,0,0,0,0,3,0,0,6,1,0,0,0,1
BOYACA,MONGUA,15464,0,0,0,0,0,0,0,0,0,0,0,0,0,0
BOYACA,MONGUI,15466,3,1,2,0,0,0,0,0,6,1,0,0,0,1
BOYACA,MONIQUIRA,15469,7,5,2,0,12,4,13,0,43,3,0,0,0,3
BOYACA,MOTAVITA,15476,1,4,0,0,0,0,6,1,12,1,0,0,0,1
BOYACA,MUZO,15480,0,0,0,0,0,0,0,0,0,0,0,0,0,0
BOYACA,NOBSA,15491,0,0,0,0,0,0,0,0,0,0,0,0,0,0
BOYACA,NUEVO COLON,15494,2,0,2,0,2,0,1,0,7,3,0,0,0,3
BOYACA,OICATA,15500,0,0,0,0,0,0,0,0,0,0,0,0,0,0
BOYACA,OTANCHE,15507,2,1,0,0,0,0,4,1,8,1,0,0,0,1
BOYACA,PACHAVITA,15511,0,0,0,0,1,1,0,0,2,1,0,0,0,1
BOYACA,PAEZ,15514,1,1,0,3,0,0,6,0,11,1,0,0,0,1
BOYACA,PAIPA,15516,3,0,3,1,0,0,2,0,9,2,0,0,0,2
BOYACA,PAJARITO,15518,1,8,0,1,0,0,2,0,12,1,0,0,0,1
BOYACA,PANQUEBA,15522,0,0,0,0,0,0,0,0,0,0,0,0,0,0
BOYACA,PAUNA,15531,0,0,0,0,1,2,0,0,3,1,0,0,0,1
BOYACA,PAYA,15533,2,3,0,0,0,0,6,1,12,1,0,0,0,1
BOYACA,PAZ DE RIO,15537,0,0,0,0,0,0,0,0,0,0,0,0,0,0
BOYACA,PESCA,15542,0,0,0,0,0,6,4,0,10,1,0,0,0,1
BOYACA,PISBA,15550,0,0,0,1,0,0,0,0,1,1,0,0,0,1
BOYACA,PUERTO BOYACA,15572,579,667,653,802,490,750,1872,186,5999,21,5,17,2,45
BOYACA,QUIPAMA,15580,0,0,0,0,0,0,0,0,0,0,0,0,0,0
BOYACA,RAMIRIQUI,15599,0,0,0,0,2,0,1,0,3,1,0,0,0,1
BOYACA,RAQUIRA,15600,0,0,0,0,0,0,0,0,0,0,0,0,0,0
BOYACA,RONDON,15621,0,0,0,0,0,0,0,0,0,0,0,0,0,0
BOYACA,SABOYA,15632,4,1,2,0,1,1,7,0,16,4,0,0,0,4
BOYACA,SACHICA,15638,0,0,0,0,1,1,0,0,2,1,0,0,0,1
BOYACA,SAMACA,15646,0,2,0,0,0,0,0,0,2,1,0,0,0,1
BOYACA,SAN EDUARDO,15660,0,0,0,0,0,0,0,0,0,0,0,0,0,0
BOYACA,SAN JOSE DE PARE,15664,0,0,0,5,0,0,0,0,5,1,0,0,0,1
BOYACA,SAN LUIS DE GACENO,15667,0,0,0,0,0,0,0,0,0,0,0,0,0,0
BOYACA,SAN MATEO,15673,0,0,0,0,0,0,0,1,1,1,0,0,0,1
BOYACA,SAN MIGUEL DE SEMA,15676,0,0,1,0,0,0,0,0,1,1,0,0,0,1
BOYACA,SAN PABLO DE BORBUR,15681,0,0,0,0,0,0,0,0,0,0,0,0,0,0
BOYACA,SANTANA,15686,4,2,6,1,10,0,4,3,30,1,0,0,0,1
BOYACA,SANTA MARIA,15690,16,16,8,0,35,1,46,3,125,4,0,0,0,4
BOYACA,SANTA ROSA DE VITERBO,15693,0,0,0,0,0,7,1,0,8,1,0,0,0,1
BOYACA,SANTA SOFIA,15696,0,1,0,0,2,1,0,0,4,2,0,0,0,2
BOYACA,SATIVANORTE,15720,0,0,0,0,0,0,0,0,0,0,0,0,0,0
BOYACA,SATIVASUR,15723,0,0,0,0,0,0,0,0,0,0,0,0,0,0
BOYACA,SIACHOQUE,15740,5,1,0,0,0,0,7,0,13,2,0,0,0,2
BOYACA,SOATA,15753,0,0,0,0,0,0,0,0,0,0,0,0,0,0
BOYACA,SOCOTA,15755,0,0,0,0,0,0,0,0,0,0,0,0,0,0
BOYACA,SOCHA,15757,0,0,0,0,0,0,0,0,0,0,0,0,0,0
BOYACA,SOGAMOSO,15759,0,2,0,0,0,1,7,3,13,3,0,0,0,3
BOYACA,SOMONDOCO,15761,0,0,0,0,0,0,0,0,0,0,0,0,0,0
BOYACA,SORA,15762,0,3,5,0,0,0,10,0,18,3,0,0,0,3
BOYACA,SOTAQUIRA,15763,0,0,0,4,0,1,0,0,5,2,0,0,0,2
BOYACA,SORACA,15764,3,1,0,0,2,0,1,0,7,2,0,0,0,2
BOYACA,SUSACON,15774,0,0,0,0,0,0,0,0,0,0,0,0,0,0
BOYACA,SUTAMARCHAN,15776,1,1,1,0,0,0,0,0,3,1,0,0,0,1
BOYACA,SUTATENZA,15778,0,0,0,0,0,0,0,0,0,0,0,0,0,0
BOYACA,TASCO,15790,0,0,2,1,0,0,0,0,3,2,0,0,0,2
BOYACA,TENZA,15798,0,0,0,0,0,0,0,0,0,0,0,0,0,0
BOYACA,TIBANA,15804,2,1,1,1,0,1,2,1,9,2,0,0,0,2
BOYACA,TIBASOSA,15806,3,0,2,0,1,1,3,0,10,3,0,0,0,3
BOYACA,TINJACA,15808,0,0,0,0,0,0,0,0,0,0,0,0,0,0
BOYACA,TIPACOQUE,15810,0,0,0,0,0,0,0,0,0,0,0,0,0,0
BOYACA,TOCA,15814,0,0,3,0,1,4,1,0,9,2,0,0,0,2
BOYACA,TOGÜI,15816,0,0,0,0,0,0,0,0,0,0,0,0,0,0
BOYACA,TOPAGA,15820,0,0,1,1,0,2,0,0,4,1,0,0,0,1
BOYACA,TOTA,15822,2,0,2,0,0,4,2,0,10,1,0,0,0,1
BOYACA,TUNUNGUA,15832,0,0,0,0,0,0,0,0,0,0,0,0,0,0
BOYACA,TURMEQUE,15835,3,2,0,5,0,0,5,0,15,1,0,0,0,1
BOYACA,TUTA,15837,1,1,7,5,6,0,12,3,35,3,0,0,0,3
BOYACA,TUTAZA,15839,0,1,0,0,0,0,0,0,1,1,0,0,0,1
BOYACA,UMBITA,15842,0,0,2,0,2,2,0,0,6,2,0,0,0,2
BOYACA,VENTAQUEMADA,15861,3,1,1,0,0,0,1,0,6,4,0,0,0,4
BOYACA,VIRACACHA,15879,3,3,3,0,0,0,9,0,18,2,0,0,0,2
BOYACA,ZETAQUIRA,15897,0,0,0,0,0,0,0,0,0,0,0,0,0,0
CALDAS,MANIZALES,17001,0,0,2,4,0,0,0,0,6,3,0,0,0,3
CALDAS,AGUADAS,17013,12,3,0,3,0,19,7,0,44,2,0,0,0,2
CALDAS,ANSERMA,17042,0,0,0,0,1,0,0,0,1,1,0,0,0,1
CALDAS,ARANZAZU,17050,0,4,2,1,1,0,0,0,8,2,0,0,0,2
CALDAS,BELALCAZAR,17088,2,0,1,1,1,1,3,3,12,2,0,0,0,2
CALDAS,CHINCHINA,17174,6,15,4,2,12,1,0,1,41,4,0,0,0,4
CALDAS,FILADELFIA,17272,5,1,0,2,6,0,0,3,17,1,0,0,0,1
CALDAS,LA DORADA,17380,219,219,307,333,286,210,810,81,2465,14,5,7,1,27
CALDAS,LA MERCED,17388,0,0,0,0,0,0,0,0,0,0,0,0,0,0
CALDAS,MANZANARES,17433,0,0,0,0,0,0,0,0,0,0,0,0,0,0
CALDAS,MARMATO,17442,0,2,0,1,0,0,2,0,5,1,0,0,0,1
CALDAS,MARQUETALIA,17444,0,0,0,0,0,0,0,0,0,0,0,0,0,0
CALDAS,MARULANDA,17446,2,5,0,0,12,1,0,0,20,1,0,0,0,1
CALDAS,NEIRA,17486,12,6,11,4,14,2,7,2,58,5,0,0,0,5
CALDAS,NORCASIA,17495,10,10,15,0,19,0,34,2,90,1,1,0,0,2
CALDAS,PACORA,17513,0,0,1,1,3,0,0,1,6,2,0,0,0,2
CALDAS,PALESTINA,17524,11,11,2,10,4,3,41,4,86,3,1,0,0,4
CALDAS,PENSILVANIA,17541,0,0,0,0,2,1,0,0,3,1,0,0,0,1
CALDAS,RIOSUCIO,17614,0,1,0,0,0,0,1,1,3,1,0,0,0,1
CALDAS,RISARALDA,17616,0,0,0,5,0,0,0,0,5,1,0,0,0,1
CALDAS,SALAMINA,17653,0,0,0,0,0,0,0,0,0,0,0,0,0,0
CALDAS,SAMANA,17662,11,5,0,0,0,3,28,2,49,2,0,0,0,2
CALDAS,SAN JOSE,17665,0,0,1,0,0,0,0,0,1,1,0,0,0,1
CALDAS,SUPIA,17777,0,0,0,0,0,0,0,0,0,0,0,0,0,0
CALDAS,VICTORIA,17867,75,169,191,233,82,76,298,12,1136,3,1,2,1,7
CALDAS,VILLAMARIA,17873,3,2,1,1,0,0,7,2,16,2,0,0,0,2
CALDAS,VITERBO,17877,0,0,0,0,0,0,0,0,0,0,0,0,0,0
CAQUETA,FLORENCIA,18001,65,94,26,62,40,97,206,18,608,17,1,2,0,20
CAQUETA,ALBANIA,18029,11,10,9,4,1,10,31,9,85,7,0,0,0,7
CAQUETA,BELEN DE LOS ANDAQUIES,18094,3,1,8,1,12,3,12,2,42,3,0,0,0,3
CAQUETA,CARTAGENA DEL CHAIRA,18150,837,928,649,648,917,1006,2404,297,7686,72,16,25,0,113
CAQUETA,CURILLO,18205,49,27,41,53,25,28,112,29,364,5,0,1,0,6
CAQUETA,EL DONCELLO,18247,274,221,202,261,364,149,752,102,2325,54,5,5,0,64
CAQUETA,EL PAUJIL,18256,117,95,76,50,110,49,205,28,730,21,2,2,0,25
CAQUETA,LA MONTAÑITA,18410,48,53,126,128,207,198,142,14,916,6,2,0,1,9
CAQUETA,MILAN,18460,89,78,111,100,93,57,249,85,862,13,3,2,0,18
CAQUETA,MORELIA,18479,17,22,52,25,30,8,104,8,266,3,1,1,0,5
CAQUETA,PUERTO RICO,18592,518,481,398,220,433,237,1263,171,3721,61,3,10,0,74
CAQUETA,SAN JOSE DEL FRAGUA,18610,49,57,53,37,23,6,78,2,305,3,0,1,0,4
CAQUETA,SAN VICENTE DEL CAGUAN,18753,719,641,611,574,617,676,1797,267,5902,145,19,12,0,176
CAQUETA,SOLANO,18756,16,24,16,26,14,16,76,19,207,5,2,0,0,7
CAQUETA,SOLITA,18785,14,18,7,2,16,17,74,8,156,11,0,0,0,11
CAQUETA,VALPARAISO,18860,11,12,6,5,16,17,60,2,129,5,0,0,0,5
CAUCA,POPAYAN,19001,2,3,1,1,0,0,2,0,9,2,0,0,0,2
CAUCA,ALMAGUER,19022,1,0,0,0,0,0,1,0,2,1,0,0,0,1
CAUCA,ARGELIA,19050,0,0,0,0,0,0,0,0,0,0,0,0,0,0
CAUCA,BALBOA,19075,3,0,0,0,0,0,0,0,3,1,0,0,0,1
CAUCA,BOLIVAR,19100,2,0,1,0,1,0,2,0,6,1,0,0,0,1
CAUCA,BUENOS AIRES,19110,4,9,0,0,0,0,4,0,17,1,0,0,0,1
CAUCA,CAJIBIO,19130,3,0,1,2,3,2,2,0,13,3,0,0,0,3
CAUCA,CALDONO,19137,0,4,0,0,0,2,2,0,8,2,0,0,0,2
CAUCA,CALOTO,19142,2,2,3,1,3,2,21,0,34,3,0,0,0,3
CAUCA,CORINTO,19212,0,0,0,1,0,0,0,0,1,1,0,0,0,1
CAUCA,EL TAMBO,19256,0,0,2,1,2,2,3,1,11,2,0,0,0,2
CAUCA,FLORENCIA,19290,0,0,0,0,4,2,0,0,6,1,0,0,0,1
CAUCA,GUACHENE,19300,0,0,0,0,0,0,0,0,0,0,0,0,0,0
CAUCA,GUAPI,19318,0,0,0,0,0,0,0,0,0,0,0,0,0,0
CAUCA,INZA,19355,0,0,0,0,0,0,0,0,0,0,0,0,0,0
CAUCA,JAMBALO,19364,0,0,0,0,0,0,0,0,0,0,0,0,0,0
CAUCA,LA SIERRA,19392,1,0,0,0,1,1,0,0,3,1,0,0,0,1
CAUCA,LA VEGA,19397,0,0,0,0,0,0,3,0,3,1,0,0,0,1
CAUCA,LOPEZ DE MICAY,19418,0,0,0,0,0,0,0,0,0,0,0,0,0,0
CAUCA,MERCADERES,19450,3,5,8,7,1,1,8,6,39,5,0,0,0,5
CAUCA,MIRANDA,19455,0,0,0,0,0,0,0,0,0,0,0,0,0,0
CAUCA,MORALES,19473,0,0,4,2,0,0,0,0,6,1,0,0,0,1
CAUCA,PADILLA,19513,0,0,0,0,0,0,0,0,0,0,0,0,0,0
CAUCA,PAEZ,19517,0,0,0,0,0,0,0,0,0,0,0,0,0,0
CAUCA,PATIA,19532,11,13,7,6,4,3,34,3,81,6,0,0,0,6
CAUCA,PIAMONTE,19533,2,0,0,2,0,0,8,1,13,1,0,0,0,1
CAUCA,PIENDAMO,19548,0,0,0,0,2,0,1,0,3,2,0,0,0,2
CAUCA,PUERTO TEJADA,19573,0,0,0,0,0,0,0,0,0,0,0,0,0,0
CAUCA,PURACE,19585,0,0,0,0,0,15,10,0,25,1,0,0,0,1
CAUCA,ROSAS,19622,0,0,0,0,0,30,0,0,30,1,0,0,0,1
CAUCA,SAN SEBASTIAN,19693,0,0,0,0,0,0,0,0,0,0,0,0,0,0
CAUCA,SANTANDER DE QUILICHAO,19698,9,11,0,0,3,1,22,3,49,5,0,0,0,5
CAUCA,SANTA ROSA,19701,0,1,7,1,1,0,0,0,10,1,0,0,0,1
CAUCA,SILVIA,19743,0,0,0,0,0,0,1,1,2,1,0,0,0,1
CAUCA,SOTARA,19760,2,18,20,0,0,0,30,0,70,0,1,0,0,1
CAUCA,SUAREZ,19780,0,0,0,0,0,0,0,0,0,0,0,0,0,0
CAUCA,SUCRE,19785,0,0,0,0,0,0,0,5,5,1,0,0,0,1
CAUCA,TIMBIO,19807,2,1,3,2,1,0,1,0,10,5,0,0,0,5
CAUCA,TIMBIQUI,19809,0,0,0,0,0,0,0,0,0,0,0,0,0,0
CAUCA,TORIBIO,19821,0,3,0,0,0,0,3,2,8,1,0,0,0,1
CAUCA,TOTORO,19824,3,0,3,0,3,10,14,0,33,3,0,0,0,3
CAUCA,VILLA RICA,19845,0,0,0,0,0,0,0,0,0,0,0,0,0,0
CESAR,VALLEDUPAR,20001,84,65,139,532,99,526,245,52,1742,20,4,3,1,28
CESAR,AGUACHICA,20011,313,283,356,548,580,385,710,216,3391,21,1,0,2,24
CESAR,AGUSTIN CODAZZI,20013,33,35,58,167,284,256,119,243,1195,12,1,2,1,16
CESAR,ASTREA,20032,132,91,81,82,105,170,600,52,1313,4,0,0,2,6
CESAR,BECERRIL,20045,4,0,3,1,5,2,2,10,27,6,0,0,0,6
CESAR,BOSCONIA,20060,4,7,2,3,309,30,38,36,429,8,2,1,0,11
CESAR,CHIMICHAGUA,20175,0,2,21,26,20,12,26,5,112,9,1,0,0,10
CESAR,CHIRIGUANA,20178,296,301,139,201,365,127,936,35,2400,9,3,5,1,18
CESAR,CURUMANI,20228,48,35,35,54,35,11,162,19,399,7,1,1,0,9
CESAR,EL COPEY,20238,117,115,30,43,89,99,617,240,1350,11,2,0,1,14
CESAR,EL PASO,20250,15,15,19,65,35,5,35,9,198,6,2,0,0,8
CESAR,GAMARRA,20295,49,60,41,36,67,29,225,32,539,5,0,3,0,8
CESAR,GONZALEZ,20310,0,0,0,0,0,0,0,0,0,0,0,0,0,0
CESAR,LA GLORIA,20383,285,201,134,113,126,556,556,223,2194,12,1,6,1,20
CESAR,LA JAGUA DE IBIRICO,20400,7,9,5,5,5,11,37,14,93,7,1,0,0,8
CESAR,MANAURE BALCON DEL CESAR,20443,0,1,0,0,0,0,2,2,5,2,0,0,0,2
CESAR,PAILITAS,20517,35,15,36,39,26,34,53,12,250,7,0,1,0,8
CESAR,PELAYA,20550,388,369,303,144,255,84,1023,79,2645,8,1,1,1,11
CESAR,PUEBLO BELLO,20570,0,1,0,1,0,2,2,0,6,2,0,0,0,2
CESAR,RIO DE ORO,20614,16,11,9,28,167,8,30,12,281,6,1,1,0,8
CESAR,LA PAZ,20621,37,33,62,79,184,7,189,6,597,5,0,3,0,8
CESAR,SAN ALBERTO,20710,226,249,416,267,206,142,465,373,2344,36,4,6,1,47
CESAR,SAN DIEGO,20750,4,6,0,1,0,0,10,13,34,4,0,0,0,4
CESAR,SAN MARTIN,20770,393,351,212,193,431,175,1092,153,3000,28,6,7,1,42
CESAR,TAMALAMEQUE,20787,151,225,104,232,109,175,388,71,1455,16,2,4,0,22
CORDOBA,MONTERIA,23001,1232,1180,790,1963,945,3062,3455,258,12885,23,13,25,6,67
CORDOBA,AYAPEL,23068,3447,2705,1977,1853,1906,1630,12335,895,26748,19,11,22,15,67
CORDOBA,BUENAVISTA,23079,370,501,380,49,311,125,1071,61,2868,4,1,4,2,11
CORDOBA,CANALETE,23090,23,55,20,59,169,63,0,4,393,3,0,1,0,4
CORDOBA,CERETE,23162,4,0,16,25,20,39,20,13,137,3,1,0,0,4
CORDOBA,CHIMA,23168,38,33,11,10,0,0,163,5,260,1,0,2,0,3
CORDOBA,CHINU,23182,170,152,96,37,322,39,490,46,1352,1,1,4,1,7
CORDOBA,CIENAGA DE ORO,23189,221,214,253,480,214,458,868,34,2742,10,2,8,1,21
CORDOBA,COTORRA,23300,1,1,0,0,0,1,6,0,9,1,0,0,0,1
CORDOBA,LA APARTADA,23350,405,664,415,502,245,547,1315,77,4170,2,1,5,3,11
CORDOBA,LORICA,23417,157,112,122,172,94,191,425,20,1293,9,6,4,0,19
CORDOBA,LOS CORDOBAS,23419,1,0,0,0,1,21,2,3,28,2,0,0,0,2
CORDOBA,MOMIL,23464,1,0,0,0,8,0,9,1,19,1,0,0,0,1
CORDOBA,MONTELIBANO,23466,911,863,977,781,583,328,2534,67,7044,6,4,6,3,19
CORDOBA,MOÑITOS,23500,0,0,0,0,0,0,0,0,0,0,0,0,0,0
CORDOBA,PLANETA RICA,23555,58,232,236,152,119,56,420,34,1307,11,4,2,1,18
CORDOBA,PUEBLO NUEVO,23570,2094,1565,1333,993,798,718,5187,648,13336,3,0,8,5,16
CORDOBA,PUERTO ESCONDIDO,23574,0,10,0,0,0,0,0,0,10,1,0,0,0,1
CORDOBA,PUERTO LIBERTADOR,23580,64,57,262,86,590,186,471,14,1730,2,3,0,1,6
CORDOBA,PURISIMA DE LA CONCEPCION,23586,2,1,3,1,2,1,7,0,17,2,0,0,0,2
CORDOBA,SAHAGUN,23660,257,219,66,113,166,100,1074,54,2049,9,3,2,1,15
CORDOBA,SAN ANDRES DE SOTAVENTO,23670,1,2,5,1,1,0,3,1,14,1,0,0,0,1
CORDOBA,SAN ANTERO,23672,2,0,1,0,0,0,0,0,3,1,0,0,0,1
CORDOBA,SAN BERNARDO DEL VIENTO,23675,110,120,173,137,189,16,358,15,1118,6,3,2,1,12
CORDOBA,SAN CARLOS,23678,54,76,10,86,38,225,211,4,704,3,3,2,0,8
CORDOBA,SAN JOSE DE URE,23682,37,44,70,133,16,7,121,3,431,4,1,2,0,7
CORDOBA,SAN PELAYO,23686,123,126,142,155,184,32,446,38,1246,9,2,6,0,17
CORDOBA,TIERRALTA,23807,687,1058,1439,496,928,442,1867,117,7034,27,5,7,6,45
CORDOBA,TUCHIN,23815,0,0,0,0,0,0,0,0,0,0,0,0,0,0
CORDOBA,VALENCIA,23855,6,10,67,85,64,166,60,3,461,5,2,1,0,8
CUNDINAMARCA,AGUA DE DIOS,25001,7,10,4,0,0,0,19,1,41,1,0,0,0,1
CUNDINAMARCA,ALBAN,25019,4,7,0,3,12,1,3,1,31,3,0,0,0,3
CUNDINAMARCA,ANAPOIMA,25035,0,0,0,0,0,0,0,0,0,0,0,0,0,0
CUNDINAMARCA,ANOLAIMA,25040,0,0,1,4,1,9,4,0,19,2,0,0,0,2
CUNDINAMARCA,ARBELAEZ,25053,2,0,1,1,5,13,5,1,28,4,0,0,0,4
CUNDINAMARCA,BELTRAN,25086,0,0,0,0,0,0,0,0,0,0,0,0,0,0
CUNDINAMARCA,BITUIMA,25095,0,0,0,0,0,4,0,0,4,1,0,0,0,1
CUNDINAMARCA,BOJACA,25099,0,0,0,0,0,0,0,0,0,0,0,0,0,0
CUNDINAMARCA,CABRERA,25120,0,0,1,0,0,0,0,0,1,1,0,0,0,1
CUNDINAMARCA,CACHIPAY,25123,0,0,0,1,1,1,0,0,3,2,0,0,0,2
CUNDINAMARCA,CAJICA,25126,0,4,0,1,1,0,2,0,8,2,0,0,0,2
CUNDINAMARCA,CAPARRAPI,25148,24,45,1,114,2,34,83,2,305,7,1,1,0,9
CUNDINAMARCA,CAQUEZA,25151,1,1,5,4,0,0,6,0,17,3,0,0,0,3
CUNDINAMARCA,CARMEN DE CARUPA,25154,2,1,7,4,0,0,8,3,25,1,0,0,0,1
CUNDINAMARCA,CHAGUANI,25168,0,0,0,0,0,0,0,0,0,0,0,0,0,0
CUNDINAMARCA,CHIA,25175,0,0,0,1,0,0,0,0,1,1,0,0,0,1
CUNDINAMARCA,CHIPAQUE,25178,0,0,0,4,0,0,0,0,4,2,0,0,0,2
CUNDINAMARCA,CHOACHI,25181,0,2,2,1,1,0,0,0,6,2,0,0,0,2
CUNDINAMARCA,CHOCONTA,25183,16,6,2,1,5,0,19,2,51,4,0,0,0,4
CUNDINAMARCA,COGUA,25200,0,1,0,1,0,0,1,1,4,2,0,0,0,2
CUNDINAMARCA,COTA,25214,0,0,0,0,0,0,0,0,0,0,0,0,0,0
CUNDINAMARCA,CUCUNUBA,25224,0,0,0,1,0,1,0,0,2,2,0,0,0,2
CUNDINAMARCA,EL COLEGIO,25245,0,1,0,0,2,2,1,0,6,1,0,0,0,1
CUNDINAMARCA,EL PEÑON,25258,0,0,0,1,0,0,1,0,2,1,0,0,0,1
CUNDINAMARCA,EL ROSAL,25260,0,1,0,0,0,0,0,0,1,1,0,0,0,1
CUNDINAMARCA,FACATATIVA,25269,16,8,17,6,11,0,0,0,58,5,0,0,0,5
CUNDINAMARCA,FOMEQUE,25279,1,1,0,0,0,0,0,0,2,1,0,0,0,1
CUNDINAMARCA,FOSCA,25281,0,0,0,0,0,1,0,0,1,1,0,0,0,1
CUNDINAMARCA,FUNZA,25286,0,0,0,0,0,0,0,0,0,0,0,0,0,0
CUNDINAMARCA,FUQUENE,25288,0,0,0,0,0,1,0,0,1,1,0,0,0,1
CUNDINAMARCA,FUSAGASUGA,25290,29,44,6,28,33,7,27,5,179,5,0,1,0,6
CUNDINAMARCA,GACHALA,25293,0,0,0,0,0,0,0,0,0,0,0,0,0,0
CUNDINAMARCA,GACHANCIPA,25295,0,0,0,0,0,1,0,0,1,1,0,0,0,1
CUNDINAMARCA,GACHETA,25297,0,0,0,0,0,0,5,2,7,2,0,0,0,2
CUNDINAMARCA,GAMA,25299,0,2,1,0,2,1,2,2,10,3,0,0,0,3
CUNDINAMARCA,GIRARDOT,25307,0,0,0,0,0,0,0,0,0,0,0,0,0,0
CUNDINAMARCA,GRANADA,25312,0,0,0,0,2,0,0,1,3,1,0,0,0,1
CUNDINAMARCA,GUACHETA,25317,1,1,0,0,3,0,3,1,9,4,0,0,0,4
CUNDINAMARCA,GUADUAS,25320,25,28,14,0,24,1,83,9,184,7,0,1,0,8
CUNDINAMARCA,GUASCA,25322,1,0,0,0,0,0,4,0,5,1,0,0,0,1
CUNDINAMARCA,GUATAQUI,25324,0,0,0,0,0,0,0,0,0,0,0,0,0,0
CUNDINAMARCA,GUATAVITA,25326,0,0,0,0,0,0,0,0,0,0,0,0,0,0
CUNDINAMARCA,GUAYABAL DE SIQUIMA,25328,0,0,0,2,0,0,0,0,2,1,0,0,0,1
CUNDINAMARCA,GUAYABETAL,25335,0,0,0,0,0,0,0,0,0,0,0,0,0,0
CUNDINAMARCA,GUTIERREZ,25339,13,5,0,0,0,13,5,0,36,5,0,0,0,5
CUNDINAMARCA,JERUSALEN,25368,0,0,0,0,0,0,0,0,0,0,0,0,0,0
CUNDINAMARCA,JUNIN,25372,1,1,4,4,0,0,2,0,12,3,0,0,0,3
CUNDINAMARCA,LA CALERA,25377,0,2,1,3,0,0,0,0,6,2,0,0,0,2
CUNDINAMARCA,LA MESA,25386,0,0,2,2,1,0,1,0,6,3,0,0,0,3
CUNDINAMARCA,LA PALMA,25394,0,0,0,0,5,0,0,0,5,1,0,0,0,1
CUNDINAMARCA,LA PEÑA,25398,0,0,0,0,0,0,0,0,0,0,0,0,0,0
CUNDINAMARCA,LA VEGA,25402,0,0,0,0,0,0,0,1,1,1,0,0,0,1
CUNDINAMARCA,LENGUAZAQUE,25407,0,0,0,0,0,2,0,0,2,1,0,0,0,1
CUNDINAMARCA,MACHETA,25426,2,1,5,0,0,0,5,0,13,2,0,0,0,2
CUNDINAMARCA,MADRID,25430,0,0,0,0,2,1,0,0,3,1,0,0,0,1
CUNDINAMARCA,MANTA,25436,0,0,0,0,0,0,0,0,0,0,0,0,0,0
CUNDINAMARCA,MEDINA,25438,16,5,0,0,0,0,8,1,30,3,0,0,0,3
CUNDINAMARCA,MOSQUERA,25473,0,0,1,1,0,0,0,0,2,1,0,0,0,1
CUNDINAMARCA,NARIÑO,25483,0,0,0,0,0,0,0,0,0,0,0,0,0,0
CUNDINAMARCA,NEMOCON,25486,0,0,0,0,0,0,1,0,1,1,0,0,0,1
CUNDINAMARCA,NILO,25488,0,0,0,1,0,0,2,0,3,1,0,0,0,1
CUNDINAMARCA,NIMAIMA,25489,0,0,0,0,0,0,0,0,0,0,0,0,0,0
CUNDINAMARCA,NOCAIMA,25491,0,0,0,0,0,1,2,0,3,1,0,0,0,1
CUNDINAMARCA,VENECIA,25506,0,0,0,12,8,0,0,0,20,1,0,0,0,1
CUNDINAMARCA,PACHO,25513,4,4,5,3,9,3,6,2,36,10,0,0,0,10
CUNDINAMARCA,PAIME,25518,2,1,0,12,3,1,4,0,23,4,0,0,0,4
CUNDINAMARCA,PANDI,25524,0,0,1,11,0,0,0,0,12,3,0,0,0,3
CUNDINAMARCA,PARATEBUENO,25530,23,26,45,25,26,73,26,85,329,8,1,1,0,10
CUNDINAMARCA,PASCA,25535,0,1,0,0,0,0,4,0,5,1,0,0,0,1
CUNDINAMARCA,PUERTO SALGAR,25572,271,278,326,338,333,235,898,33,2712,14,4,5,1,24
CUNDINAMARCA,PULI,25580,3,5,1,0,4,1,7,2,23,3,0,0,0,3
CUNDINAMARCA,QUEBRADANEGRA,25592,3,1,1,0,7,1,4,6,23,2,0,0,0,2
CUNDINAMARCA,QUETAME,25594,0,2,0,0,0,1,2,0,5,1,0,0,0,1
CUNDINAMARCA,QUIPILE,25596,0,0,1,0,0,0,0,0,1,1,0,0,0,1
CUNDINAMARCA,APULO,25599,2,0,2,0,0,4,0,0,8,1,0,0,0,1
CUNDINAMARCA,RICAURTE,25612,0,0,0,0,2,0,0,0,2,1,0,0,0,1
CUNDINAMARCA,SAN ANTONIO DEL TEQUENDAMA,25645,0,0,8,2,0,0,0,0,10,4,0,0,0,4
CUNDINAMARCA,SAN BERNARDO,25649,0,1,0,0,0,0,0,0,1,1,0,0,0,1
CUNDINAMARCA,SAN CAYETANO,25653,0,0,0,0,0,0,0,0,0,0,0,0,0,0
CUNDINAMARCA,SAN FRANCISCO,25658,0,0,0,0,0,0,1,1,2,1,0,0,0,1
CUNDINAMARCA,SAN JUAN DE RIOSECO,25662,4,1,0,0,4,1,9,1,20,2,0,0,0,2
CUNDINAMARCA,SASAIMA,25718,48,41,34,38,10,3,110,2,286,4,0,1,0,5
CUNDINAMARCA,SESQUILE,25736,0,0,0,4,0,0,0,0,4,1,0,0,0,1
CUNDINAMARCA,SIBATE,25740,2,3,0,0,0,0,0,0,5,2,0,0,0,2
CUNDINAMARCA,SILVANIA,25743,1,1,6,2,1,0,9,1,21,5,0,0,0,5
CUNDINAMARCA,SIMIJACA,25745,0,0,0,0,0,0,2,0,2,1,0,0,0,1
CUNDINAMARCA,SOACHA,25754,1,0,1,1,0,0,0,0,3,2,0,0,0,2
CUNDINAMARCA,SOPO,25758,7,0,2,0,2,0,1,0,12,5,0,0,0,5
CUNDINAMARCA,SUBACHOQUE,25769,1,1,0,0,0,0,5,0,7,1,0,0,0,1
CUNDINAMARCA,SUESCA,25772,0,1,0,1,0,0,0,1,3,1,0,0,0,1
CUNDINAMARCA,SUPATA,25777,0,0,0,0,0,0,0,0,0,0,0,0,0,0
CUNDINAMARCA,SUSA,25779,0,1,0,0,0,0,6,0,7,1,0,0,0,1
CUNDINAMARCA,SUTATAUSA,25781,3,2,1,4,1,0,2,1,14,2,0,0,0,2
CUNDINAMARCA,TABIO,25785,0,0,0,1,0,0,0,0,1,1,0,0,0,1
CUNDINAMARCA,TAUSA,25793,0,3,0,14,1,0,1,0,19,3,0,0,0,3
CUNDINAMARCA,TENA,25797,0,0,0,2,0,0,0,0,2,1,0,0,0,1
CUNDINAMARCA,TENJO,25799,0,0,2,0,0,3,5,1,11,4,0,0,0,4
CUNDINAMARCA,TIBACUY,25805,0,0,0,0,0,0,0,0,0,0,0,0,0,0
CUNDINAMARCA,TIBIRITA,25807,0,1,0,1,0,0,0,0,2,1,0,0,0,1
CUNDINAMARCA,TOCAIMA,25815,0,0,0,0,13,2,9,2,26,2,0,0,0,2
CUNDINAMARCA,TOCANCIPA,25817,0,0,1,0,0,0,1,1,3,2,0,0,0,2
CUNDINAMARCA,TOPAIPI,25823,0,0,1,0,0,1,0,0,2,1,0,0,0,1
CUNDINAMARCA,UBALA,25839,0,1,5,0,7,1,4,1,19,4,0,0,0,4
CUNDINAMARCA,UBAQUE,25841,2,2,4,1,3,0,9,0,21,2,0,0,0,2
CUNDINAMARCA,VILLA DE SAN DIEGO DE UBATE,25843,4,4,0,0,6,9,7,8,38,6,0,0,0,6
CUNDINAMARCA,UNE,25845,0,0,0,3,0,0,0,0,3,1,0,0,0,1
CUNDINAMARCA,UTICA,25851,2,0,0,0,1,0,1,0,4,1,0,0,0,1
CUNDINAMARCA,VERGARA,25862,0,0,0,0,0,0,0,0,0,0,0,0,0,0
CUNDINAMARCA,VIANI,25867,0,0,0,0,0,0,0,0,0,0,0,0,0,0
CUNDINAMARCA,VILLAGOMEZ,25871,0,0,0,0,0,0,1,0,1,1,0,0,0,1
CUNDINAMARCA,VILLAPINZON,25873,0,1,0,0,1,0,0,0,2,2,0,0,0,2
CUNDINAMARCA,VILLETA,25875,1,0,0,0,0,0,0,0,1,1,0,0,0,1
CUNDINAMARCA,VIOTA,25878,0,0,1,0,0,5,2,4,12,2,0,0,0,2
CUNDINAMARCA,YACOPI,25885,4,6,4,3,0,1,13,1,32,4,0,0,0,4
CUNDINAMARCA,ZIPACON,25898,0,0,0,0,0,0,0,0,0,0,0,0,0,0
CUNDINAMARCA,ZIPAQUIRA,25899,16,1,26,1,2,0,7,1,54,8,0,0,0,8
CHOCO,QUIBDO,27001,0,0,0,0,0,0,0,0,0,0,0,0,0,0
CHOCO,ACANDI,27006,0,0,0,0,0,0,0,0,0,0,0,0,0,0
CHOCO,ALTO BAUDO,27025,0,0,0,0,0,0,0,0,0,0,0,0,0,0
CHOCO,ATRATO,27050,0,0,0,0,0,0,0,0,0,0,0,0,0,0
CHOCO,BAGADO,27073,0,0,0,0,0,0,0,0,0,0,0,0,0,0
CHOCO,BAHIA SOLANO,27075,0,0,0,0,0,0,0,0,0,0,0,0,0,0
CHOCO,BAJO BAUDO,27077,0,0,0,0,0,0,0,0,0,0,0,0,0,0
CHOCO,BOJAYA,27099,0,0,0,0,0,0,0,0,0,0,0,0,0,0
CHOCO,EL CANTON DEL SAN PABLO,27135,7,12,5,12,7,12,33,2,90,0,1,0,0,1
CHOCO,CARMEN DEL DARIEN,27150,0,0,0,0,0,0,3,4,7,1,0,0,0,1
CHOCO,CERTEGUI,27160,0,0,0,0,0,0,0,0,0,0,0,0,0,0
CHOCO,CONDOTO,27205,0,0,0,0,0,0,0,0,0,0,0,0,0,0
CHOCO,EL CARMEN DE ATRATO,27245,0,0,0,0,0,0,0,0,0,0,0,0,0,0
CHOCO,EL LITORAL DEL SAN JUAN,27250,0,0,0,0,0,0,0,0,0,0,0,0,0,0
CHOCO,ISTMINA,27361,0,0,0,0,0,0,0,0,0,0,0,0,0,0
CHOCO,JURADO,27372,0,0,0,0,0,0,0,0,0,0,0,0,0,0
CHOCO,LLORO,27413,0,0,0,0,0,0,0,0,0,0,0,0,0,0
CHOCO,MEDIO ATRATO,27425,0,0,0,0,0,0,0,0,0,0,0,0,0,0
CHOCO,MEDIO BAUDO,27430,0,0,0,0,0,0,0,0,0,0,0,0,0,0
CHOCO,MEDIO SAN JUAN,27450,0,0,0,0,0,0,0,0,0,0,0,0,0,0
CHOCO,NOVITA,27491,0,0,0,0,0,0,0,0,0,0,0,0,0,0
CHOCO,NUQUI,27495,0,0,0,0,0,0,0,0,0,0,0,0,0,0
CHOCO,RIO IRO,27580,0,0,0,0,0,0,0,0,0,0,0,0,0,0
CHOCO,RIO QUITO,27600,0,0,0,0,0,0,0,0,0,0,0,0,0,0
CHOCO,RIOSUCIO,27615,334,161,208,98,185,78,349,27,1440,8,1,1,1,11
CHOCO,SAN JOSE DEL PALMAR,27660,0,0,0,0,0,0,0,0,0,0,0,0,0,0
CHOCO,SIPI,27745,0,0,0,0,0,0,0,0,0,0,0,0,0,0
CHOCO,TADO,27787,0,0,0,0,0,0,0,0,0,0,0,0,0,0
CHOCO,UNGUIA,27800,0,0,0,0,0,0,0,0,0,0,0,0,0,0
CHOCO,UNION PANAMERICANA,27810,0,0,0,0,0,0,0,0,0,0,0,0,0,0
HUILA,NEIVA,41001,3,8,2,16,9,1,22,3,64,9,0,0,0,9
HUILA,ACEVEDO,41006,2,2,7,11,12,4,8,0,46,2,0,0,0,2
HUILA,AGRADO,41013,4,6,4,2,0,2,19,3,40,1,0,0,0,1
HUILA,AIPE,41016,0,6,1,0,1,1,10,1,20,2,0,0,0,2
HUILA,ALGECIRAS,41020,0,0,0,0,3,0,3,2,8,4,0,0,0,4
HUILA,ALTAMIRA,41026,31,22,5,3,13,15,82,13,184,0,0,1,0,1
HUILA,BARAYA,41078,1,0,0,0,7,17,16,5,46,3,0,0,0,3
HUILA,CAMPOALEGRE,41132,2,2,2,3,1,3,7,0,20,2,0,0,0,2
HUILA,COLOMBIA,41206,1,2,0,0,0,0,3,2,8,2,0,0,0,2
HUILA,ELIAS,41244,1,0,1,1,1,1,2,0,7,1,0,0,0,1
HUILA,GARZON,41298,0,3,5,1,4,4,6,1,24,8,0,0,0,8
HUILA,GIGANTE,41306,1,3,0,2,0,3,2,0,11,2,0,0,0,2
HUILA,GUADALUPE,41319,0,0,0,0,0,0,1,1,2,1,0,0,0,1
HUILA,HOBO,41349,1,2,0,0,0,0,7,1,11,1,0,0,0,1
HUILA,IQUIRA,41357,0,0,0,0,0,0,0,0,0,0,0,0,0,0
HUILA,ISNOS,41359,0,0,0,19,0,0,0,0,19,1,0,0,0,1
HUILA,LA ARGENTINA,41378,0,0,1,2,0,0,0,0,3,1,0,0,0,1
HUILA,LA PLATA,41396,0,0,10,9,0,0,0,0,19,1,0,0,0,1
HUILA,NATAGA,41483,4,4,0,0,3,4,5,0,20,1,0,0,0,1
HUILA,OPORAPA,41503,0,0,0,0,0,0,2,0,2,1,0,0,0,1
HUILA,PAICOL,41518,1,1,0,5,0,0,18,3,28,4,0,0,0,4
HUILA,PALERMO,41524,5,5,8,24,7,5,61,6,121,10,1,0,0,11
HUILA,PALESTINA,41530,0,0,0,0,0,0,0,0,0,0,0,0,0,0
HUILA,PITAL,41548,0,0,3,1,1,0,0,0,5,1,0,0,0,1
HUILA,PITALITO,41551,13,13,18,20,10,1,60,21,156,11,0,0,0,11
HUILA,RIVERA,41615,52,53,47,73,12,2,191,9,439,8,1,1,0,10
HUILA,SALADOBLANCO,41660,0,0,0,0,0,0,0,0,0,0,0,0,0,0
HUILA,SAN AGUSTIN,41668,10,5,0,0,0,40,39,1,95,2,1,0,0,3
HUILA,SANTA MARIA,41676,3,2,1,6,0,0,5,1,18,1,0,0,0,1
HUILA,SUAZA,41770,4,0,4,2,4,1,1,1,17,4,0,0,0,4
HUILA,TARQUI,41791,10,3,16,27,7,1,53,12,129,8,1,0,0,9
HUILA,TESALIA,41797,0,0,1,1,2,0,0,1,5,2,0,0,0,2
HUILA,TELLO,41799,0,0,0,0,0,0,15,10,25,1,0,0,0,1
HUILA,TERUEL,41801,0,1,1,1,3,1,4,6,17,2,0,0,0,2
HUILA,TIMANA,41807,0,0,0,1,1,1,1,1,5,2,0,0,0,2
HUILA,VILLAVIEJA,41872,0,0,0,0,2,0,0,0,2,1,0,0,0,1
HUILA,YAGUARA,41885,7,11,3,3,6,5,12,4,51,0,1,0,0,1
LA GUAJIRA,RIOHACHA,44001,24,18,51,58,175,22,94,12,454,4,0,2,0,6
LA GUAJIRA,ALBANIA,44035,0,1,1,1,0,1,2,1,7,1,0,0,0,1
LA GUAJIRA,BARRANCAS,44078,0,0,0,0,0,0,0,2,2,1,0,0,0,1
LA GUAJIRA,DIBULLA,44090,38,44,0,3,1,5,95,6,192,4,0,1,0,5
LA GUAJIRA,DISTRACCION,44098,2,1,0,0,0,0,3,3,9,2,0,0,0,2
LA GUAJIRA,EL MOLINO,44110,0,0,0,0,0,0,0,0,0,0,0,0,0,0
LA GUAJIRA,FONSECA,44279,6,4,5,10,0,0,29,2,56,1,1,0,0,2
LA GUAJIRA,HATONUEVO,44378,0,0,0,0,0,0,0,0,0,0,0,0,0,0
LA GUAJIRA,LA JAGUA DEL PILAR,44420,0,0,0,0,0,0,0,1,1,1,0,0,0,1
LA GUAJIRA,MAICAO,44430,2,2,3,4,1,1,8,1,22,1,0,0,0,1
LA GUAJIRA,MANAURE,44560,0,0,0,0,0,20,0,0,20,1,0,0,0,1
LA GUAJIRA,SAN JUAN DEL CESAR,44650,0,0,0,0,0,0,0,2,2,1,0,0,0,1
LA GUAJIRA,URIBIA,44847,0,0,0,0,0,0,0,0,0,0,0,0,0,0
LA GUAJIRA,URUMITA,44855,0,0,0,0,0,0,0,0,0,0,0,0,0,0
LA GUAJIRA,VILLANUEVA,44874,0,0,0,20,0,67,0,50,137,0,0,1,0,1
MAGDALENA,SANTA MARTA,47001,1,0,8,10,103,0,105,8,235,2,0,1,0,3
MAGDALENA,ALGARROBO,47030,311,263,215,181,89,235,934,135,2363,9,3,8,0,20
MAGDALENA,ARACATACA,47053,99,75,84,71,15,9,425,60,838,4,1,0,1,6
MAGDALENA,ARIGUANI,47058,445,406,405,471,541,283,1450,90,4091,20,3,11,2,36
MAGDALENA,CERRO DE SAN ANTONIO,47161,0,0,0,0,0,0,0,0,0,0,0,0,0,0
MAGDALENA,CHIVOLO,47170,0,20,0,0,2,4,2,2,30,3,0,0,0,3
MAGDALENA,CIENAGA,47189,0,0,0,0,0,4,0,3,7,1,0,0,0,1
MAGDALENA,CONCORDIA,47205,80,0,0,0,36,0,102,2,220,0,0,1,0,1
MAGDALENA,EL BANCO,47245,40,89,78,19,58,2,216,7,509,4,0,2,0,6
MAGDALENA,EL PIÑON,47258,806,1015,522,341,869,97,2125,138,5913,1,3,11,4,19
MAGDALENA,EL RETEN,47268,96,94,33,15,138,4,405,10,795,2,1,3,0,6
MAGDALENA,FUNDACION,47288,323,295,126,49,187,31,841,87,1939,4,3,3,1,11
MAGDALENA,GUAMAL,47318,84,102,58,161,50,161,378,31,1025,4,1,4,0,9
MAGDALENA,NUEVA GRANADA,47460,171,237,68,61,159,98,574,15,1383,7,3,2,1,13
MAGDALENA,PEDRAZA,47541,0,0,0,55,36,0,0,0,91,0,1,0,0,1
MAGDALENA,PIJIÑO DEL CARMEN,47545,28,18,7,7,17,0,84,5,166,5,0,0,0,5
MAGDALENA,PIVIJAY,47551,1961,1808,1967,1618,1603,853,5661,496,15967,37,23,29,9,98
MAGDALENA,PLATO,47555,200,187,223,287,439,182,469,19,2006,5,0,4,2,11
MAGDALENA,PUEBLOVIEJO,47570,63,58,124,2,225,20,179,33,704,3,0,0,1,4
MAGDALENA,REMOLINO,47605,658,565,425,320,433,70,1480,44,3995,4,6,13,1,24
MAGDALENA,SABANAS DE SAN ANGEL,47660,340,209,433,469,349,189,814,199,3002,9,2,5,2,18
MAGDALENA,SALAMINA,47675,498,451,96,166,381,82,1337,40,3051,1,5,5,1,12
MAGDALENA,SAN SEBASTIAN DE BUENAVISTA,47692,35,38,50,16,44,71,143,10,407,9,2,1,0,12
MAGDALENA,SAN ZENON,47703,72,102,9,122,8,0,271,5,589,3,2,2,0,7
MAGDALENA,SANTA ANA,47707,216,331,390,331,405,419,740,67,2899,5,1,4,2,12
MAGDALENA,SANTA BARBARA DE PINTO,47720,11,11,15,4,31,34,46,3,155,4,1,0,0,5
MAGDALENA,SITIONUEVO,47745,308,295,308,359,122,201,1259,73,2925,12,4,2,3,21
MAGDALENA,TENERIFE,47798,12,8,3,2,5,0,10,1,41,2,0,0,0,2
MAGDALENA,ZAPAYAN,47960,74,188,50,78,85,233,273,4,985,1,0,1,1,3
MAGDALENA,ZONA BANANERA,47980,88,124,122,258,71,48,401,54,1166,4,0,2,1,7
META,VILLAVICENCIO,50001,33,18,21,82,8,40,66,36,304,27,1,0,0,28
META,ACACIAS,50006,11,7,8,13,22,7,131,103,302,17,0,1,0,18
META,BARRANCA DE UPIA,50110,369,826,283,224,199,295,1492,39,3727,4,0,0,1,5
META,CABUYARO,50124,35,41,20,79,99,49,72,232,627,9,5,1,0,15
META,CASTILLA LA NUEVA,50150,24,24,26,15,43,9,53,152,346,12,1,1,0,14
META,CUBARRAL,50223,3,4,0,1,6,2,2,0,18,1,0,0,0,1
META,CUMARAL,50226,98,99,62,57,46,88,239,214,903,15,2,2,0,19
META,EL CALVARIO,50245,0,0,0,0,0,0,0,0,0,0,0,0,0,0
META,EL CASTILLO,50251,2,3,13,10,3,4,10,0,45,3,0,0,0,3
META,EL DORADO,50270,0,5,0,0,0,1,8,0,14,2,0,0,0,2
META,FUENTE DE ORO,50287,20,11,8,0,17,1,75,4,136,3,2,0,0,5
META,GRANADA,50313,20,16,5,0,0,0,27,3,71,1,1,0,0,2
META,GUAMAL,50318,19,26,9,22,11,14,21,1,123,5,1,0,0,6
META,MAPIRIPAN,50325,112,134,166,134,198,85,307,40,1176,14,1,0,1,16
META,MESETAS,50330,10,10,12,1,2,1,28,5,69,7,0,0,0,7
META,LA MACARENA,50350,63,80,70,39,34,40,224,21,571,22,3,1,0,26
META,URIBE,50370,1,6,4,6,4,10,4,2,37,6,0,0,0,6
META,LEJANIAS,50400,4,2,4,9,5,0,17,2,43,2,0,0,0,2
META,PUERTO CONCORDIA,50450,5,6,8,61,7,3,32,6,128,4,1,0,0,5
META,PUERTO GAITAN,50568,16,13,120,71,19,11,77,91,418,11,0,2,0,13
META,PUERTO LOPEZ,50573,184,227,199,54,57,111,426,81,1339,18,3,3,0,24
META,PUERTO LLERAS,50577,66,68,18,29,38,28,221,94,562,22,1,2,0,25
META,PUERTO RICO,50590,2,1,2,0,0,4,12,139,160,12,0,0,0,12
META,RESTREPO,50606,10,10,1,9,6,6,29,10,81,4,1,0,0,5
META,SAN CARLOS DE GUAROA,50680,24,25,9,110,5,85,57,392,707,16,4,1,0,21
META,SAN JUAN DE ARAMA,50683,7,7,4,2,5,1,15,7,48,7,0,0,0,7
META,SAN JUANITO,50686,0,0,0,0,0,0,0,0,0,0,0,0,0,0
META,SAN MARTIN,50689,61,61,72,18,43,58,168,197,678,26,5,0,0,31
META,VISTAHERMOSA,50711,8,7,11,5,3,5,22,9,70,7,0,0,0,7
NARIÑO,PASTO,52001,0,0,0,0,0,2,3,0,5,1,0,0,0,1
NARIÑO,ALBAN,52019,0,0,0,1,1,0,0,0,2,1,0,0,0,1
NARIÑO,ALDANA,52022,0,0,0,0,0,0,0,0,0,0,0,0,0,0
NARIÑO,ANCUYA,52036,0,0,0,0,0,0,0,0,0,0,0,0,0,0
NARIÑO,ARBOLEDA,52051,0,0,0,0,0,0,0,0,0,0,0,0,0,0
NARIÑO,BARBACOAS,52079,0,0,0,0,0,0,0,0,0,0,0,0,0,0
NARIÑO,BELEN,52083,0,0,0,0,1,2,0,0,3,1,0,0,0,1
NARIÑO,BUESACO,52110,0,0,0,0,0,0,6,0,6,1,0,0,0,1
NARIÑO,COLON,52203,0,0,0,0,0,0,0,0,0,0,0,0,0,0
NARIÑO,CONSACA,52207,0,0,0,0,0,0,0,0,0,0,0,0,0,0
NARIÑO,CONTADERO,52210,0,0,0,0,0,0,0,0,0,0,0,0,0,0
NARIÑO,CORDOBA,52215,0,0,0,0,0,0,0,0,0,0,0,0,0,0
NARIÑO,CUASPUD,52224,0,0,0,0,0,0,0,0,0,0,0,0,0,0
NARIÑO,CUMBAL,52227,0,0,0,0,0,0,0,0,0,0,0,0,0,0
NARIÑO,CUMBITARA,52233,1,0,2,2,1,0,0,1,7,1,0,0,0,1
NARIÑO,CHACHAGÜI,52240,0,0,0,0,0,0,0,0,0,0,0,0,0,0
NARIÑO,EL CHARCO,52250,0,0,0,0,0,0,0,0,0,0,0,0,0,0
NARIÑO,EL PEÑOL,52254,0,0,0,0,0,0,0,0,0,0,0,0,0,0
NARIÑO,EL ROSARIO,52256,0,0,0,0,0,0,0,0,0,0,0,0,0,0
NARIÑO,EL TABLON DE GOMEZ,52258,0,0,0,0,0,2,0,0,2,1,0,0,0,1
NARIÑO,EL TAMBO,52260,0,0,0,0,0,0,0,0,0,0,0,0,0,0
NARIÑO,FUNES,52287,0,0,0,0,0,0,0,0,0,0,0,0,0,0
NARIÑO,GUACHUCAL,52317,0,0,0,0,0,0,0,0,0,0,0,0,0,0
NARIÑO,GUAITARILLA,52320,0,0,0,0,0,0,0,0,0,0,0,0,0,0
NARIÑO,GUALMATAN,52323,0,0,0,0,0,0,0,0,0,0,0,0,0,0
NARIÑO,ILES,52352,0,0,0,0,0,0,0,0,0,0,0,0,0,0
NARIÑO,IMUES,52354,0,0,0,0,0,0,0,0,0,0,0,0,0,0
NARIÑO,IPIALES,52356,0,0,0,0,0,0,1,1,2,1,0,0,0,1
NARIÑO,LA CRUZ,52378,0,0,0,0,0,0,0,0,0,0,0,0,0,0
NARIÑO,LA FLORIDA,52381,0,0,0,0,0,0,1,0,1,1,0,0,0,1
NARIÑO,LA LLANADA,52385,0,0,0,0,0,0,0,0,0,0,0,0,0,0
NARIÑO,LA TOLA,52390,0,0,0,0,0,0,0,0,0,0,0,0,0,0
NARIÑO,LA UNION,52399,0,0,0,0,0,0,0,0,0,0,0,0,0,0
NARIÑO,LEIVA,52405,0,0,0,0,0,0,0,0,0,0,0,0,0,0
NARIÑO,LINARES,52411,0,0,0,0,0,0,0,0,0,0,0,0,0,0
NARIÑO,LOS ANDES,52418,0,0,0,0,0,0,0,0,0,0,0,0,0,0
NARIÑO,MAGÜI,52427,0,0,0,0,0,0,0,0,0,0,0,0,0,0
NARIÑO,MALLAMA,52435,0,0,0,0,0,0,0,0,0,0,0,0,0,0
NARIÑO,MOSQUERA,52473,0,0,0,0,0,0,0,0,0,0,0,0,0,0
NARIÑO,NARIÑO,52480,0,0,0,0,1,0,0,0,1,1,0,0,0,1
NARIÑO,OLAYA HERRERA,52490,0,0,0,0,0,0,0,0,0,0,0,0,0,0
NARIÑO,OSPINA,52506,0,0,0,0,0,0,0,0,0,0,0,0,0,0
NARIÑO,FRANCISCO PIZARRO,52520,0,0,0,0,0,0,0,0,0,0,0,0,0,0
NARIÑO,POLICARPA,52540,0,0,0,0,0,0,0,0,0,0,0,0,0,0
NARIÑO,POTOSI,52560,0,0,0,0,0,0,0,0,0,0,0,0,0,0
NARIÑO,PROVIDENCIA,52565,0,0,0,0,0,0,0,0,0,0,0,0,0,0
NARIÑO,PUERRES,52573,0,0,0,0,0,0,0,0,0,0,0,0,0,0
NARIÑO,PUPIALES,52585,0,0,0,0,0,0,0,0,0,0,0,0,0,0
NARIÑO,RICAURTE,52612,0,0,0,0,0,0,0,0,0,0,0,0,0,0
NARIÑO,ROBERTO PAYAN,52621,0,0,0,0,0,0,0,0,0,0,0,0,0,0
NARIÑO,SAMANIEGO,52678,0,0,0,0,0,3,0,0,3,1,0,0,0,1
NARIÑO,SANDONA,52683,0,0,0,0,0,0,0,0,0,0,0,0,0,0
NARIÑO,SAN BERNARDO,52685,0,0,0,0,0,0,0,0,0,0,0,0,0,0
NARIÑO,SAN LORENZO,52687,0,0,0,0,0,0,0,0,0,0,0,0,0,0
NARIÑO,SAN PABLO,52693,2,0,0,0,0,0,0,0,2,1,0,0,0,1
NARIÑO,SAN PEDRO DE CARTAGO,52694,0,0,0,0,0,0,0,0,0,0,0,0,0,0
NARIÑO,SANTA BARBARA,52696,0,0,0,0,0,0,0,0,0,0,0,0,0,0
NARIÑO,SANTACRUZ,52699,0,0,0,0,0,0,0,0,0,0,0,0,0,0
NARIÑO,SAPUYES,52720,0,0,0,0,0,0,0,0,0,0,0,0,0,0
NARIÑO,TAMINANGO,52786,0,0,0,0,0,0,0,0,0,0,0,0,0,0
NARIÑO,TANGUA,52788,0,0,0,0,0,0,0,0,0,0,0,0,0,0
NARIÑO,SAN ANDRES DE TUMACO,52835,54,55,76,66,76,144,268,404,1143,14,3,3,0,20
NARIÑO,TUQUERRES,52838,0,0,0,0,0,0,0,0,0,0,0,0,0,0
NARIÑO,YACUANQUER,52885,0,0,2,0,0,0,0,0,2,1,0,0,0,1
NORTE DE SANTANDER,CUCUTA,54001,9,17,49,25,36,13,31,2,182,17,0,0,0,17
NORTE DE SANTANDER,ABREGO,54003,3,4,3,7,7,4,16,0,44,4,0,0,0,4
NORTE DE SANTANDER,ARBOLEDAS,54051,0,0,0,0,0,0,0,0,0,0,0,0,0,0
NORTE DE SANTANDER,BOCHALEMA,54099,13,19,0,0,29,1,36,0,98,0,1,0,0,1
NORTE DE SANTANDER,BUCARASICA,54109,0,0,0,0,0,0,0,0,0,0,0,0,0,0
NORTE DE SANTANDER,CACOTA,54125,0,0,0,0,0,0,0,0,0,0,0,0,0,0
NORTE DE SANTANDER,CACHIRA,54128,1,1,1,0,0,0,1,0,4,1,0,0,0,1
NORTE DE SANTANDER,CHINACOTA,54172,1,2,2,0,7,0,9,2,23,2,0,0,0,2
NORTE DE SANTANDER,CHITAGA,54174,0,1,0,0,0,0,1,0,2,1,0,0,0,1
NORTE DE SANTANDER,CONVENCION,54206,0,0,0,0,0,0,0,0,0,0,0,0,0,0
NORTE DE SANTANDER,CUCUTILLA,54223,1,1,1,1,0,0,3,1,8,2,0,0,0,2
NORTE DE SANTANDER,DURANIA,54239,0,0,0,0,0,0,0,0,0,0,0,0,0,0
NORTE DE SANTANDER,EL CARMEN,54245,0,0,0,0,0,0,0,0,0,0,0,0,0,0
NORTE DE SANTANDER,EL TARRA,54250,17,10,0,0,0,0,41,18,86,1,1,0,0,2
NORTE DE SANTANDER,EL ZULIA,54261,0,0,5,2,0,0,3,0,10,3,0,0,0,3
NORTE DE SANTANDER,GRAMALOTE,54313,0,0,0,0,0,0,0,0,0,0,0,0,0,0
NORTE DE SANTANDER,HACARI,54344,3,2,0,0,8,2,7,3,25,1,0,0,0,1
NORTE DE SANTANDER,HERRAN,54347,0,4,0,3,0,0,0,0,7,1,0,0,0,1
NORTE DE SANTANDER,LABATECA,54377,0,0,0,0,0,1,0,0,1,1,0,0,0,1
NORTE DE SANTANDER,LA ESPERANZA,54385,96,65,61,36,36,25,158,39,516,6,0,2,0,8
NORTE DE SANTANDER,LA PLAYA,54398,0,0,0,0,0,0,0,0,0,0,0,0,0,0
NORTE DE SANTANDER,LOS PATIOS,54405,0,0,0,0,1,0,0,0,1,1,0,0,0,1
NORTE DE SANTANDER,LOURDES,54418,0,1,1,0,0,2,1,0,5,1,0,0,0,1
NORTE DE SANTANDER,MUTISCUA,54480,0,0,0,0,0,0,0,0,0,0,0,0,0,0
NORTE DE SANTANDER,OCAÑA,54498,0,0,1,0,0,0,0,0,1,1,0,0,0,1
NORTE DE SANTANDER,PAMPLONA,54518,2,4,0,1,2,0,9,2,20,2,0,0,0,2
NORTE DE SANTANDER,PAMPLONITA,54520,2,0,2,2,0,0,10,3,19,2,0,0,0,2
NORTE DE SANTANDER,PUERTO SANTANDER,54553,1,0,3,3,1,0,2,0,10,3,0,0,0,3
NORTE DE SANTANDER,RAGONVALIA,54599,0,0,0,0,0,0,0,0,0,0,0,0,0,0
NORTE DE SANTANDER,SALAZAR,54660,1,4,2,0,1,7,6,0,21,2,0,0,0,2
NORTE DE SANTANDER,SAN CALIXTO,54670,0,0,0,0,0,0,0,0,0,0,0,0,0,0
NORTE DE SANTANDER,SAN CAYETANO,54673,0,0,0,0,0,0,0,0,0,0,0,0,0,0
NORTE DE SANTANDER,SANTIAGO,54680,0,0,0,0,0,0,0,0,0,0,0,0,0,0
NORTE DE SANTANDER,SARDINATA,54720,0,0,0,0,0,0,0,10,10,3,0,0,0,3
NORTE DE SANTANDER,SILOS,54743,0,0,0,0,0,0,0,0,0,0,0,0,0,0
NORTE DE SANTANDER,TEORAMA,54800,14,17,3,3,13,3,27,1,81,6,0,0,0,6
NORTE DE SANTANDER,TIBU,54810,110,90,89,64,125,49,222,131,880,49,4,1,0,54
NORTE DE SANTANDER,TOLEDO,54820,1,1,9,1,0,0,0,0,12,3,0,0,0,3
NORTE DE SANTANDER,VILLA CARO,54871,0,0,0,0,0,0,0,0,0,0,0,0,0,0
NORTE DE SANTANDER,VILLA DEL ROSARIO,54874,0,0,0,0,0,0,0,0,0,0,0,0,0,0
QUINDIO,ARMENIA,63001,0,1,0,2,1,2,2,1,9,1,0,0,0,1
QUINDIO,BUENAVISTA,63111,0,0,0,0,0,0,0,0,0,0,0,0,0,0
QUINDIO,CALARCA,63130,30,32,27,1,34,4,97,1,226,3,0,1,0,4
QUINDIO,CIRCASIA,63190,2,0,0,0,0,0,0,0,2,1,0,0,0,1
QUINDIO,CORDOBA,63212,0,0,0,0,0,0,0,0,0,0,0,0,0,0
QUINDIO,FILANDIA,63272,0,0,0,0,0,0,0,0,0,0,0,0,0,0
QUINDIO,GENOVA,63302,0,0,0,0,0,0,1,1,2,1,0,0,0,1
QUINDIO,LA TEBAIDA,63401,1,0,0,0,2,3,0,0,6,2,0,0,0,2
QUINDIO,MONTENEGRO,63470,26,16,27,17,7,26,83,1,203,2,0,1,0,3
QUINDIO,PIJAO,63548,0,0,0,0,0,0,0,0,0,0,0,0,0,0
QUINDIO,QUIMBAYA,63594,7,8,1,32,0,0,12,3,63,4,1,0,0,5
QUINDIO,SALENTO,63690,0,0,0,0,0,0,0,0,0,0,0,0,0,0
RISARALDA,PEREIRA,66001,0,7,19,76,53,25,37,14,231,14,1,0,0,15
RISARALDA,APIA,66045,4,4,0,0,0,38,22,0,68,0,1,0,0,1
RISARALDA,BALBOA,66075,13,1,4,1,0,0,0,0,19,3,0,0,0,3
RISARALDA,BELEN DE UMBRIA,66088,0,2,0,7,0,0,0,0,9,1,0,0,0,1
RISARALDA,DOSQUEBRADAS,66170,0,0,10,0,0,0,0,0,10,1,0,0,0,1
RISARALDA,GUATICA,66318,1,3,6,5,0,3,0,0,18,3,0,0,0,3
RISARALDA,LA CELIA,66383,0,0,0,0,0,0,0,0,0,0,0,0,0,0
RISARALDA,LA VIRGINIA,66400,4,1,0,1,9,0,2,1,18,2,0,0,0,2
RISARALDA,MARSELLA,66440,34,10,5,0,0,0,56,0,105,0,0,1,0,1
RISARALDA,MISTRATO,66456,0,0,0,0,0,0,0,0,0,0,0,0,0,0
RISARALDA,PUEBLO RICO,66572,48,26,35,10,34,6,85,3,247,4,0,1,0,5
RISARALDA,QUINCHIA,66594,0,2,0,2,3,0,6,1,14,1,0,0,0,1
RISARALDA,SANTA ROSA DE CABAL,66682,1,3,1,35,3,0,0,0,43,2,0,0,0,2
RISARALDA,SANTUARIO,66687,0,0,0,0,0,0,0,0,0,0,0,0,0,0
SANTANDER,BUCARAMANGA,68001,0,0,0,0,0,0,0,0,0,0,0,0,0,0
SANTANDER,AGUADA,68013,0,0,0,0,0,0,1,0,1,1,0,0,0,1
SANTANDER,ALBANIA,68020,0,0,0,0,0,0,1,0,1,1,0,0,0,1
SANTANDER,ARATOCA,68051,1,3,1,1,0,0,6,1,13,2,0,0,0,2
SANTANDER,BARBOSA,68077,4,1,3,0,0,2,8,0,18,1,0,0,0,1
SANTANDER,BARICHARA,68079,0,0,0,0,0,0,0,0,0,0,0,0,0,0
SANTANDER,BARRANCABERMEJA,68081,1528,1424,1269,1034,1245,658,4103,361,11622,87,19,24,4,134
SANTANDER,BETULIA,68092,0,0,0,0,0,0,0,0,0,0,0,0,0,0
SANTANDER,BOLIVAR,68101,242,214,91,180,116,46,818,17,1724,5,2,4,1,12
SANTANDER,CABRERA,68121,0,0,3,2,0,0,0,0,5,1,0,0,0,1
SANTANDER,CALIFORNIA,68132,0,0,0,0,0,0,0,0,0,0,0,0,0,0
SANTANDER,CAPITANEJO,68147,0,0,0,0,0,0,0,0,0,0,0,0,0,0
SANTANDER,CARCASI,68152,0,0,0,0,0,0,0,0,0,0,0,0,0,0
SANTANDER,CEPITA,68160,0,0,0,0,0,0,0,0,0,0,0,0,0,0
SANTANDER,CERRITO,68162,0,0,0,0,0,0,0,0,0,0,0,0,0,0
SANTANDER,CHARALA,68167,7,2,5,5,2,2,22,5,50,3,0,0,0,3
SANTANDER,CHARTA,68169,1,2,0,4,16,0,0,1,24,1,0,0,0,1
SANTANDER,CHIMA,68176,0,0,0,0,0,0,0,0,0,0,0,0,0,0
SANTANDER,CHIPATA,68179,0,0,0,0,0,0,0,0,0,0,0,0,0,0
SANTANDER,CIMITARRA,68190,772,556,1001,1032,740,541,2150,210,7002,19,6,14,4,43
SANTANDER,CONCEPCION,68207,0,0,0,0,0,0,0,0,0,0,0,0,0,0
SANTANDER,CONFINES,68209,0,0,0,0,0,0,0,0,0,0,0,0,0,0
SANTANDER,CONTRATACION,68211,0,0,0,0,0,0,0,0,0,0,0,0,0,0
SANTANDER,COROMORO,68217,0,0,0,0,0,0,0,0,0,0,0,0,0,0
SANTANDER,CURITI,68229,3,2,0,0,5,0,0,0,10,1,0,0,0,1
SANTANDER,EL CARMEN DE CHUCURI,68235,5,6,0,0,7,6,14,0,38,3,0,0,0,3
SANTANDER,EL GUACAMAYO,68245,2,4,1,0,0,0,20,1,28,1,0,0,0,1
SANTANDER,EL PEÑON,68250,0,0,0,0,0,0,0,0,0,0,0,0,0,0
SANTANDER,EL PLAYON,68255,0,0,1,15,0,0,0,0,16,2,0,0,0,2
SANTANDER,ENCINO,68264,0,0,0,0,0,0,0,0,0,0,0,0,0,0
SANTANDER,ENCISO,68266,0,0,0,0,0,0,0,0,0,0,0,0,0,0
SANTANDER,FLORIAN,68271,0,0,0,0,0,0,0,0,0,0,0,0,0,0
SANTANDER,FLORIDABLANCA,68276,1,2,2,0,4,0,6,0,15,3,0,0,0,3
SANTANDER,GALAN,68296,0,0,0,0,0,0,0,0,0,0,0,0,0,0
SANTANDER,GAMBITA,68298,0,0,13,1,8,0,0,0,22,2,0,0,0,2
SANTANDER,GIRON,68307,1,9,7,9,3,12,10,13,64,5,0,0,0,5
SANTANDER,GUACA,68318,0,1,1,0,0,0,2,0,4,1,0,0,0,1
SANTANDER,GUADALUPE,68320,0,0,0,0,1,0,0,0,1,1,0,0,0,1
SANTANDER,GUAPOTA,68322,9,4,1,0,0,0,14,1,29,1,0,0,0,1
SANTANDER,GUAVATA,68324,2,4,3,6,7,0,12,1,35,1,0,0,0,1
SANTANDER,GÜEPSA,68327,0,0,0,0,0,0,0,0,0,0,0,0,0,0
SANTANDER,HATO,68344,4,3,0,3,7,5,3,0,25,1,0,0,0,1
SANTANDER,JESUS MARIA,68368,0,0,0,0,0,0,13,0,13,1,0,0,0,1
SANTANDER,JORDAN,68370,0,0,0,0,0,0,0,0,0,0,0,0,0,0
SANTANDER,LA BELLEZA,68377,0,0,2,0,1,0,2,1,6,1,0,0,0,1
SANTANDER,LANDAZURI,68385,0,2,0,0,0,0,0,0,2,1,0,0,0,1
SANTANDER,LA PAZ,68397,0,0,25,0,21,0,0,0,46,2,0,0,0,2
SANTANDER,LEBRIJA,68406,0,0,0,0,1,0,0,0,1,1,0,0,0,1
SANTANDER,LOS SANTOS,68418,0,10,0,10,10,0,10,0,40,1,0,0,0,1
SANTANDER,MACARAVITA,68425,0,0,0,0,0,0,0,0,0,0,0,0,0,0
SANTANDER,MALAGA,68432,0,0,0,0,0,0,0,0,0,0,0,0,0,0
SANTANDER,MATANZA,68444,6,6,4,5,6,0,17,1,45,2,0,0,0,2
SANTANDER,MOGOTES,68464,1,2,3,1,2,1,4,1,15,3,0,0,0,3
SANTANDER,MOLAGAVITA,68468,0,0,0,0,0,0,1,0,1,1,0,0,0,1
SANTANDER,OCAMONTE,68498,0,0,0,0,0,0,0,0,0,0,0,0,0,0
SANTANDER,OIBA,68500,10,3,1,0,2,1,12,0,29,2,0,0,0,2
SANTANDER,ONZAGA,68502,0,0,0,0,0,0,0,0,0,0,0,0,0,0
SANTANDER,PALMAR,68522,0,0,0,0,0,0,0,0,0,0,0,0,0,0
SANTANDER,PALMAS DEL SOCORRO,68524,0,0,8,0,13,0,13,1,35,1,0,0,0,1
SANTANDER,PARAMO,68533,0,0,0,0,0,0,0,0,0,0,0,0,0,0
SANTANDER,PIEDECUESTA,68547,18,18,8,3,0,0,112,5,164,3,0,1,0,4
SANTANDER,PINCHOTE,68549,4,6,1,0,0,0,8,1,20,1,0,0,0,1
SANTANDER,PUENTE NACIONAL,68572,2,5,12,3,1,1,19,5,48,8,0,0,0,8
SANTANDER,PUERTO PARRA,68573,59,47,133,81,90,44,131,174,759,21,2,2,0,25
SANTANDER,PUERTO WILCHES,68575,2681,2787,2576,2367,2705,1500,7429,804,22849,130,47,59,5,241
SANTANDER,RIONEGRO,68615,907,801,700,537,708,509,2198,201,6561,78,13,20,1,112
SANTANDER,SABANA DE TORRES,68655,1465,1407,2139,1365,2290,870,4233,632,14401,150,35,30,3,218
SANTANDER,SAN ANDRES,68669,0,0,0,0,0,0,0,0,0,0,0,0,0,0
SANTANDER,SAN BENITO,68673,0,0,0,0,0,0,0,0,0,0,0,0,0,0
SANTANDER,SAN GIL,68679,0,1,0,0,0,0,1,0,2,1,0,0,0,1
SANTANDER,SAN JOAQUIN,68682,0,0,0,0,0,0,0,0,0,0,0,0,0,0
SANTANDER,SAN JOSE DE MIRANDA,68684,0,0,0,0,0,0,0,0,0,0,0,0,0,0
SANTANDER,SAN MIGUEL,68686,0,0,0,0,0,0,0,0,0,0,0,0,0,0
SANTANDER,SAN VICENTE DE CHUCURI,68689,130,96,65,92,136,102,308,146,1075,24,6,2,0,32
SANTANDER,SANTA BARBARA,68705,0,0,0,0,0,0,0,0,0,0,0,0,0,0
SANTANDER,SANTA HELENA DEL OPON,68720,0,0,0,20,4,0,0,0,24,2,0,0,0,2
SANTANDER,SIMACOTA,68745,138,114,156,145,107,125,400,80,1265,21,0,5,0,26
SANTANDER,SOCORRO,68755,2,1,5,1,0,0,0,0,9,2,0,0,0,2
SANTANDER,SUAITA,68770,3,4,50,44,41,26,67,3,238,4,0,1,0,5
SANTANDER,SUCRE,68773,0,0,0,0,0,0,0,0,0,0,0,0,0,0
SANTANDER,SURATA,68780,0,0,2,0,0,0,0,0,2,1,0,0,0,1
SANTANDER,TONA,68820,0,0,0,0,0,1,0,1,2,1,0,0,0,1
SANTANDER,VALLE DE SAN JOSE,68855,0,0,0,0,0,0,0,0,0,0,0,0,0,0
SANTANDER,VELEZ,68861,0,1,5,7,6,0,12,7,38,2,0,0,0,2
SANTANDER,VETAS,68867,0,0,0,0,0,0,0,0,0,0,0,0,0,0
SANTANDER,VILLANUEVA,68872,1,2,0,0,0,0,0,0,3,1,0,0,0,1
SANTANDER,ZAPATOCA,68895,0,0,0,0,0,0,0,0,0,0,0,0,0,0
SUCRE,SINCELEJO,70001,2,2,40,80,44,57,9,3,237,3,1,1,0,5
SUCRE,BUENAVISTA,70110,0,0,0,50,0,0,0,0,50,1,0,0,0,1
SUCRE,CAIMITO,70124,452,429,248,98,165,70,1318,27,2807,4,1,2,2,9
SUCRE,COLOSO,70204,0,0,0,0,0,0,0,0,0,0,0,0,0,0
SUCRE,COROZAL,70215,18,16,170,1,18,1,92,8,324,1,2,1,0,4
SUCRE,COVEÑAS,70221,0,0,0,0,0,0,0,0,0,0,0,0,0,0
SUCRE,CHALAN,70230,0,0,0,0,0,0,0,0,0,0,0,0,0,0
SUCRE,EL ROBLE,70233,115,89,46,294,8,145,530,5,1232,1,0,2,1,4
SUCRE,GALERAS,70235,16,21,28,55,36,3,128,3,290,2,0,1,0,3
SUCRE,GUARANDA,70265,270,207,126,145,260,329,1010,24,2371,12,4,7,0,23
SUCRE,LA UNION,70400,19,11,0,0,159,0,31,6,226,0,0,1,0,1
SUCRE,LOS PALMITOS,70418,0,0,0,0,0,0,0,0,0,0,0,0,0,0
SUCRE,MAJAGUAL,70429,542,514,377,352,458,282,1716,82,4323,19,8,11,1,39
SUCRE,MORROA,70473,4,6,0,0,4,0,11,1,26,1,0,0,0,1
SUCRE,OVEJAS,70508,2,3,5,2,3,2,26,2,45,4,0,0,0,4
SUCRE,PALMITO,70523,226,220,0,246,0,40,1166,27,1925,1,1,1,2,5
SUCRE,SAMPUES,70670,32,37,1,0,0,0,96,4,170,2,0,1,0,3
SUCRE,SAN BENITO ABAD,70678,327,298,266,140,431,501,1247,534,3744,7,3,3,2,15
SUCRE,SAN JUAN DE BETULIA,70702,33,33,14,76,265,33,74,4,532,0,3,1,0,4
SUCRE,SAN MARCOS,70708,1198,1376,785,922,1088,594,5411,513,11887,15,10,21,5,51
SUCRE,SAN ONOFRE,70713,14,38,38,38,101,13,92,20,354,4,2,1,0,7
SUCRE,SAN PEDRO,70717,5,4,2,8,10,2,40,2,73,0,1,0,0,1
SUCRE,SAN LUIS DE SINCE,70742,6,5,5,0,8,2,9,2,37,2,0,0,0,2
SUCRE,SUCRE,70771,218,279,161,468,210,46,1087,75,2544,20,6,8,0,34
SUCRE,SANTIAGO DE TOLU,70820,66,62,165,266,159,277,518,6,1519,0,1,5,0,6
SUCRE,TOLU VIEJO,70823,27,30,6,0,2,0,90,5,160,2,0,1,0,3
TOLIMA,IBAGUE,73001,0,11,15,2,3,7,11,2,51,11,0,0,0,11
TOLIMA,ALPUJARRA,73024,0,0,0,0,1,0,0,0,1,1,0,0,0,1
TOLIMA,ALVARADO,73026,4,3,5,11,6,1,14,3,47,6,0,0,0,6
TOLIMA,AMBALEMA,73030,0,0,0,0,0,0,4,0,4,1,0,0,0,1
TOLIMA,ANZOATEGUI,73043,4,2,0,1,9,4,15,1,36,3,0,0,0,3
TOLIMA,ARMERO GUAYABAL,73055,77,36,44,10,58,5,131,10,371,7,1,2,0,10
TOLIMA,ATACO,73067,5,4,4,2,0,0,6,2,23,2,0,0,0,2
TOLIMA,CAJAMARCA,73124,11,1,5,14,4,9,2,0,46,2,0,0,0,2
TOLIMA,CARMEN DE APICALA,73148,0,5,1,6,0,4,19,1,36,5,0,0,0,5
TOLIMA,CASABIANCA,73152,0,0,0,0,1,0,3,0,4,1,0,0,0,1
TOLIMA,CHAPARRAL,73168,12,16,8,7,18,2,35,9,107,13,0,0,0,13
TOLIMA,COELLO,73200,4,1,0,0,3,1,5,1,15,3,0,0,0,3
TOLIMA,COYAIMA,73217,11,14,18,20,7,4,73,6,153,10,0,0,0,10
TOLIMA,CUNDAY,73226,1,0,10,2,2,1,1,1,18,3,0,0,0,3
TOLIMA,DOLORES,73236,0,1,2,3,3,16,8,2,35,5,0,0,0,5
TOLIMA,ESPINAL,73268,0,0,0,0,0,0,0,0,0,0,0,0,0,0
TOLIMA,FALAN,73270,0,0,0,0,9,1,0,0,10,2,0,0,0,2
TOLIMA,FLANDES,73275,0,0,0,0,0,0,0,0,0,0,0,0,0,0
TOLIMA,FRESNO,73283,0,1,20,0,22,23,0,1,67,2,0,0,0,2
TOLIMA,GUAMO,73319,13,15,40,30,13,8,74,25,218,19,0,0,0,19
TOLIMA,HERVEO,73347,0,4,0,1,0,0,0,0,5,1,0,0,0,1
TOLIMA,HONDA,73349,3,1,8,79,15,48,2,0,156,0,0,1,0,1
TOLIMA,ICONONZO,73352,2,0,0,3,3,1,3,1,13,3,0,0,0,3
TOLIMA,LERIDA,73408,0,1,1,2,2,2,7,1,16,2,0,0,0,2
TOLIMA,LIBANO,73411,0,0,0,0,2,0,0,0,2,1,0,0,0,1
TOLIMA,SAN SEBASTIAN DE MARIQUITA,73443,0,0,0,0,1,0,0,1,2,1,0,0,0,1
TOLIMA,MELGAR,73449,1,3,2,0,7,4,9,6,32,2,0,0,0,2
TOLIMA,MURILLO,73461,0,0,0,0,1,0,0,1,2,2,0,0,0,2
TOLIMA,NATAGAIMA,73483,2,3,3,1,1,0,5,2,17,3,0,0,0,3
TOLIMA,ORTEGA,73504,0,0,2,3,3,3,2,1,14,4,0,0,0,4
TOLIMA,PALOCABILDO,73520,0,0,0,0,0,0,0,0,0,0,0,0,0,0
TOLIMA,PIEDRAS,73547,21,17,18,15,13,3,43,0,130,4,0,1,0,5
TOLIMA,PLANADAS,73555,1,0,2,2,2,1,4,0,12,1,0,0,0,1
TOLIMA,PRADO,73563,0,0,0,0,0,0,8,3,11,1,0,0,0,1
TOLIMA,PURIFICACION,73585,0,0,0,3,3,2,8,1,17,2,0,0,0,2
TOLIMA,RIOBLANCO,73616,1,9,0,0,0,0,2,0,12,1,0,0,0,1
TOLIMA,RONCESVALLES,73622,0,0,2,1,2,0,0,0,5,2,0,0,0,2
TOLIMA,ROVIRA,73624,2,5,4,0,10,1,1,1,24,3,0,0,0,3
TOLIMA,SALDAÑA,73671,64,15,0,6,25,2,121,5,238,2,1,1,0,4
TOLIMA,SAN ANTONIO,73675,2,3,3,1,1,2,8,1,21,3,0,0,0,3
TOLIMA,SAN LUIS,73678,26,35,1,1,0,0,99,7,169,4,0,1,0,5
TOLIMA,SANTA ISABEL,73686,1,1,0,0,0,0,2,1,5,1,0,0,0,1
TOLIMA,SUAREZ,73770,1,0,4,2,6,0,13,2,28,2,0,0,0,2
TOLIMA,VALLE DE SAN JUAN,73854,37,41,4,3,7,0,143,4,239,0,0,1,0,1
TOLIMA,VENADILLO,73861,13,17,2,4,19,0,13,3,71,4,0,0,0,4
TOLIMA,VILLAHERMOSA,73870,0,1,0,0,0,0,1,0,2,1,0,0,0,1
TOLIMA,VILLARRICA,73873,0,1,4,0,0,2,7,0,14,1,0,0,0,1
VALLE DEL CAUCA,CALI,76001,13,8,0,38,14,4,23,1,101,4,1,0,0,5
VALLE DEL CAUCA,ALCALA,76020,0,1,0,0,0,0,10,1,12,2,0,0,0,2
VALLE DEL CAUCA,ANDALUCIA,76036,0,0,0,0,0,0,0,0,0,0,0,0,0,0
VALLE DEL CAUCA,ANSERMANUEVO,76041,0,0,0,0,0,0,1,0,1,1,0,0,0,1
VALLE DEL CAUCA,ARGELIA,76054,0,0,0,0,0,0,0,0,0,0,0,0,0,0
VALLE DEL CAUCA,BOLIVAR,76100,0,0,0,0,0,0,0,0,0,0,0,0,0,0
VALLE DEL CAUCA,BUENAVENTURA,76109,0,0,0,0,0,0,0,0,0,0,0,0,0,0
VALLE DEL CAUCA,GUADALAJARA DE BUGA,76111,19,29,46,75,49,31,72,2,323,8,2,0,0,10
VALLE DEL CAUCA,BUGALAGRANDE,76113,0,0,16,22,20,0,0,27,85,3,0,0,0,3
VALLE DEL CAUCA,CAICEDONIA,76122,0,2,0,0,0,0,0,0,2,1,0,0,0,1
VALLE DEL CAUCA,CALIMA,76126,15,9,55,10,14,0,86,2,191,1,0,1,0,2
VALLE DEL CAUCA,CANDELARIA,76130,0,0,0,0,3,2,0,0,5,1,0,0,0,1
VALLE DEL CAUCA,CARTAGO,76147,1,1,1,3,3,8,9,1,27,4,0,0,0,4
VALLE DEL CAUCA,DAGUA,76233,1,0,0,0,3,1,6,0,11,2,0,0,0,2
VALLE DEL CAUCA,EL AGUILA,76243,0,0,0,0,0,0,0,0,0,0,0,0,0,0
VALLE DEL CAUCA,EL CAIRO,76246,10,11,0,0,0,0,0,0,21,1,0,0,0,1
VALLE DEL CAUCA,EL CERRITO,76248,0,0,0,1,0,0,0,2,3,2,0,0,0,2
VALLE DEL CAUCA,EL DOVIO,76250,25,18,0,7,2,0,3,0,55,2,0,0,0,2
VALLE DEL CAUCA,FLORIDA,76275,0,0,0,0,0,1,0,0,1,1,0,0,0,1
VALLE DEL CAUCA,GINEBRA,76306,0,0,18,12,0,0,0,0,30,1,0,0,0,1
VALLE DEL CAUCA,GUACARI,76318,0,0,0,4,0,0,6,0,10,1,0,0,0,1
VALLE DEL CAUCA,JAMUNDI,76364,16,10,4,1,13,5,57,4,110,7,0,0,0,7
VALLE DEL CAUCA,LA CUMBRE,76377,6,6,6,4,11,1,0,0,34,1,0,0,0,1
VALLE DEL CAUCA,LA UNION,76400,6,18,15,6,23,14,8,12,102,5,0,0,0,5
VALLE DEL CAUCA,LA VICTORIA,76403,8,5,5,3,5,0,14,1,41,1,0,0,0,1
VALLE DEL CAUCA,OBANDO,76497,0,2,1,0,0,0,3,0,6,2,0,0,0,2
VALLE DEL CAUCA,PALMIRA,76520,17,17,20,0,0,0,31,3,88,2,1,0,0,3
VALLE DEL CAUCA,PRADERA,76563,4,0,2,3,6,0,4,15,34,2,0,0,0,2
VALLE DEL CAUCA,RESTREPO,76606,0,0,0,0,1,0,0,0,1,1,0,0,0,1
VALLE DEL CAUCA,RIOFRIO,76616,4,0,7,2,7,0,5,0,25,1,0,0,0,1
VALLE DEL CAUCA,ROLDANILLO,76622,0,0,0,0,0,0,5,0,5,1,0,0,0,1
VALLE DEL CAUCA,SAN PEDRO,76670,0,0,4,16,1,1,2,0,24,5,0,0,0,5
VALLE DEL CAUCA,SEVILLA,76736,12,11,19,196,55,164,72,0,529,4,1,1,0,6
VALLE DEL CAUCA,TORO,76823,0,0,7,8,0,0,11,3,29,2,0,0,0,2
VALLE DEL CAUCA,TRUJILLO,76828,5,16,4,1,0,0,0,0,26,4,0,0,0,4
VALLE DEL CAUCA,TULUA,76834,0,0,1,0,0,2,3,1,7,3,0,0,0,3
VALLE DEL CAUCA,ULLOA,76845,0,0,0,0,2,0,3,0,5,1,0,0,0,1
VALLE DEL CAUCA,VERSALLES,76863,3,0,4,0,0,10,0,0,17,2,0,0,0,2
VALLE DEL CAUCA,VIJES,76869,2,11,0,6,4,4,7,1,35,2,0,0,0,2
VALLE DEL CAUCA,YOTOCO,76890,0,0,33,2,0,0,0,0,35,2,0,0,0,2
VALLE DEL CAUCA,YUMBO,76892,0,0,2,1,1,0,2,0,6,2,0,0,0,2
VALLE DEL CAUCA,ZARZAL,76895,0,0,3,6,0,0,4,0,13,2,0,0,0,2
ARAUCA,ARAUCA,81001,899,913,558,453,596,266,2532,180,6397,85,14,13,2,114
ARAUCA,ARAUQUITA,81065,463,527,296,350,222,332,1168,103,3461,71,17,6,0,94
ARAUCA,CRAVO NORTE,81220,49,49,24,8,35,9,108,10,292,10,2,0,0,12
ARAUCA,FORTUL,81300,36,28,19,21,16,52,60,9,241,20,1,0,0,21
ARAUCA,PUERTO RONDON,81591,70,57,54,48,39,24,136,9,437,8,4,0,0,12
ARAUCA,SARAVENA,81736,73,75,90,68,48,31,115,24,524,28,2,0,0,30
ARAUCA,TAME,81794,262,269,143,153,152,123,604,73,1779,54,5,5,0,64
CASANARE,YOPAL,85001,19,23,42,58,30,17,91,16,296,17,1,0,0,18
CASANARE,AGUAZUL,85010,62,53,17,11,46,25,198,71,483,34,0,1,0,35
CASANARE,CHAMEZA,85015,0,2,0,1,2,1,1,0,7,2,0,0,0,2
CASANARE,HATO COROZAL,85125,132,128,149,31,147,51,176,22,836,13,2,0,1,16
CASANARE,LA SALINA,85136,0,0,0,0,0,0,0,0,0,0,0,0,0,0
CASANARE,MANI,85139,672,594,447,140,467,184,1816,438,4758,18,4,8,2,32
CASANARE,MONTERREY,85162,45,46,47,50,46,22,120,38,414,13,0,2,0,15
CASANARE,NUNCHIA,85225,0,1,2,1,5,3,5,49,66,3,1,0,0,4
CASANARE,OROCUE,85230,42,37,69,28,34,65,104,404,783,12,2,3,0,17
CASANARE,PAZ DE ARIPORO,85250,116,118,52,68,116,34,355,42,901,26,1,3,0,30
CASANARE,PORE,85263,0,0,0,1,0,0,2,1,4,1,0,0,0,1
CASANARE,RECETOR,85279,3,2,1,1,0,1,5,0,13,2,0,0,0,2
CASANARE,SABANALARGA,85300,10,2,13,3,9,1,23,4,65,0,1,0,0,1
CASANARE,SACAMA,85315,0,0,0,0,0,0,0,0,0,0,0,0,0,0
CASANARE,SAN LUIS DE PALENQUE,85325,127,142,51,79,30,16,425,29,899,10,3,0,1,14
CASANARE,TAMARA,85400,0,0,1,0,0,0,0,0,1,1,0,0,0,1
CASANARE,TAURAMENA,85410,300,231,195,129,114,30,775,125,1899,30,0,2,2,34
CASANARE,TRINIDAD,85430,89,61,59,33,63,21,257,23,606,12,6,0,0,18
CASANARE,VILLANUEVA,85440,42,47,57,82,17,56,367,171,839,22,2,0,1,25
PUTUMAYO,MOCOA,86001,0,0,0,0,0,0,0,0,0,0,0,0,0,0
PUTUMAYO,COLON,86219,0,0,0,0,0,0,0,0,0,0,0,0,0,0
PUTUMAYO,ORITO,86320,0,10,8,6,12,7,36,1,80,1,1,0,0,2
PUTUMAYO,PUERTO ASIS,86568,65,20,46,56,60,19,106,38,410,9,2,1,0,12
PUTUMAYO,PUERTO CAICEDO,86569,0,0,0,0,3,2,0,0,5,1,0,0,0,1
PUTUMAYO,PUERTO GUZMAN,86571,51,71,42,25,67,44,162,29,491,17,1,1,0,19
PUTUMAYO,PUERTO LEGUIZAMO,86573,2,3,3,3,3,0,7,2,23,2,0,0,0,2
PUTUMAYO,SIBUNDOY,86749,0,0,0,0,0,0,0,0,0,0,0,0,0,0
PUTUMAYO,SAN FRANCISCO,86755,0,0,0,0,0,0,0,0,0,0,0,0,0,0
PUTUMAYO,SAN MIGUEL,86757,0,0,0,0,0,0,0,0,0,0,0,0,0,0
PUTUMAYO,SANTIAGO,86760,1,0,1,1,2,1,2,0,8,1,0,0,0,1
PUTUMAYO,VALLE DEL GUAMUEZ,86865,6,4,11,17,7,26,42,2,115,4,1,0,0,5
PUTUMAYO,VILLAGARZON,86885,0,1,8,5,5,2,13,1,35,5,0,0,0,5
SAN ANDRES Y PROVIDENCIA,SAN ANDRES,88001,0,0,0,0,0,0,0,0,0,0,0,0,0,0
SAN ANDRES Y PROVIDENCIA,PROVIDENCIA,88564,0,0,0,0,0,0,0,0,0,0,0,0,0,0
AMAZONAS,LETICIA,91001,11,10,5,3,6,7,33,6,81,1,1,0,0,2
AMAZONAS,EL ENCANTO,91263,0,0,0,0,0,0,0,0,0,0,0,0,0,0
AMAZONAS,LA CHORRERA,91405,0,0,0,0,0,0,0,0,0,0,0,0,0,0
AMAZONAS,LA PEDRERA,91407,0,0,0,0,0,0,0,0,0,0,0,0,0,0
AMAZONAS,LA VICTORIA,91430,0,0,0,0,0,0,0,0,0,0,0,0,0,0
AMAZONAS,MIRITI PARANA,91460,0,0,0,0,0,0,0,0,0,0,0,0,0,0
AMAZONAS,PUERTO ALEGRIA,91530,0,0,0,0,0,0,0,0,0,0,0,0,0,0
AMAZONAS,PUERTO ARICA,91536,0,0,0,0,0,0,0,0,0,0,0,0,0,0
AMAZONAS,PUERTO NARIÑO,91540,0,0,0,0,0,0,0,0,0,0,0,0,0,0
AMAZONAS,PUERTO SANTANDER,91669,0,0,0,0,0,0,0,0,0,0,0,0,0,0
AMAZONAS,TARAPACA,91798,0,0,0,0,0,0,0,0,0,0,0,0,0,0
GUAINIA,INIRIDA,94001,0,0,0,0,0,0,0,0,0,0,0,0,0,0
GUAINIA,BARRANCO MINAS,94343,0,0,0,0,0,0,0,0,0,0,0,0,0,0
GUAINIA,SAN FELIPE,94883,0,0,0,0,0,0,0,0,0,0,0,0,0,0
GUAINIA,PUERTO COLOMBIA,94884,0,0,0,0,0,0,0,0,0,0,0,0,0,0
GUAINIA,LA GUADALUPE,94885,0,0,0,0,0,0,0,0,0,0,0,0,0,0
GUAINIA,CACAHUAL,94886,0,0,0,0,0,0,0,0,0,0,0,0,0,0
GUAINIA,PANA PANA,94887,0,0,0,0,0,0,0,0,0,0,0,0,0,0
GUAINIA,MORICHAL,94888,0,0,0,0,0,0,0,0,0,0,0,0,0,0
GUAVIARE,SAN JOSE DEL GUAVIARE,95001,159,182,136,130,146,64,500,41,1358,27,2,5,0,34
GUAVIARE,CALAMAR,95015,5,2,6,11,10,2,11,4,51,7,0,0,0,7
GUAVIARE,EL RETORNO,95025,22,20,13,22,16,5,56,8,162,13,1,0,0,14
GUAVIARE,MIRAFLORES,95200,1,2,1,0,0,2,0,1,7,1,0,0,0,1
VAUPES,MITU,97001,0,0,0,0,0,0,0,0,0,0,0,0,0,0
VAUPES,CARURU,97161,0,0,0,0,0,0,0,0,0,0,0,0,0,0
VAUPES,PACOA,97511,0,0,0,0,0,0,0,0,0,0,0,0,0,0
VAUPES,TARAIRA,97666,0,0,0,0,0,0,0,0,0,0,0,0,0,0
VAUPES,PAPUNAHUA,97777,0,0,0,0,0,0,0,0,0,0,0,0,0,0
VAUPES,YAVARATE,97889,0,0,0,0,0,0,0,0,0,0,0,0,0,0
VICHADA,PUERTO CARREÑO,99001,10,7,6,3,13,3,44,7,93,7,0,0,0,7
VICHADA,LA PRIMAVERA,99524,84,89,82,118,67,58,642,64,1204,8,0,2,1,11
VICHADA,SANTA ROSALIA,99624,55,68,6,3,6,0,175,4,317,2,1,1,0,4
VICHADA,CUMARIBO,99773,100,141,71,68,81,30,404,16,911,7,0,3,0,10
